시도,행정구역,key,연령별,시점,고용률 (%)
서울특별시,종로구,서울특별시-종로구,15 - 29세,'21상,36.2
서울특별시,종로구,서울특별시-종로구,15 - 29세,'21하,40.3
서울특별시,종로구,서울특별시-종로구,15 - 29세,'22상,42.6
서울특별시,중구,서울특별시-중구,15 - 29세,'21상,41.6
서울특별시,중구,서울특별시-중구,15 - 29세,'21하,45.2
서울특별시,중구,서울특별시-중구,15 - 29세,'22상,42.4
서울특별시,용산구,서울특별시-용산구,15 - 29세,'21상,48.6
서울특별시,용산구,서울특별시-용산구,15 - 29세,'21하,48.2
서울특별시,용산구,서울특별시-용산구,15 - 29세,'22상,47
서울특별시,성동구,서울특별시-성동구,15 - 29세,'21상,40.8
서울특별시,성동구,서울특별시-성동구,15 - 29세,'21하,41.6
서울특별시,성동구,서울특별시-성동구,15 - 29세,'22상,44.6
서울특별시,광진구,서울특별시-광진구,15 - 29세,'21상,43.7
서울특별시,광진구,서울특별시-광진구,15 - 29세,'21하,44.5
서울특별시,광진구,서울특별시-광진구,15 - 29세,'22상,50.8
서울특별시,동대문구,서울특별시-동대문구,15 - 29세,'21상,37.6
서울특별시,동대문구,서울특별시-동대문구,15 - 29세,'21하,39.9
서울특별시,동대문구,서울특별시-동대문구,15 - 29세,'22상,42.3
서울특별시,중랑구,서울특별시-중랑구,15 - 29세,'21상,48
서울특별시,중랑구,서울특별시-중랑구,15 - 29세,'21하,46.5
서울특별시,중랑구,서울특별시-중랑구,15 - 29세,'22상,49.8
서울특별시,성북구,서울특별시-성북구,15 - 29세,'21상,35
서울특별시,성북구,서울특별시-성북구,15 - 29세,'21하,38.5
서울특별시,성북구,서울특별시-성북구,15 - 29세,'22상,36.7
서울특별시,강북구,서울특별시-강북구,15 - 29세,'21상,45.1
서울특별시,강북구,서울특별시-강북구,15 - 29세,'21하,46.5
서울특별시,강북구,서울특별시-강북구,15 - 29세,'22상,40
서울특별시,도봉구,서울특별시-도봉구,15 - 29세,'21상,46.6
서울특별시,도봉구,서울특별시-도봉구,15 - 29세,'21하,47.9
서울특별시,도봉구,서울특별시-도봉구,15 - 29세,'22상,45.7
서울특별시,노원구,서울특별시-노원구,15 - 29세,'21상,36.3
서울특별시,노원구,서울특별시-노원구,15 - 29세,'21하,36.4
서울특별시,노원구,서울특별시-노원구,15 - 29세,'22상,36.6
서울특별시,은평구,서울특별시-은평구,15 - 29세,'21상,44.4
서울특별시,은평구,서울특별시-은평구,15 - 29세,'21하,47.6
서울특별시,은평구,서울특별시-은평구,15 - 29세,'22상,46.2
서울특별시,서대문구,서울특별시-서대문구,15 - 29세,'21상,39.8
서울특별시,서대문구,서울특별시-서대문구,15 - 29세,'21하,44.1
서울특별시,서대문구,서울특별시-서대문구,15 - 29세,'22상,42.8
서울특별시,마포구,서울특별시-마포구,15 - 29세,'21상,49.6
서울특별시,마포구,서울특별시-마포구,15 - 29세,'21하,47.9
서울특별시,마포구,서울특별시-마포구,15 - 29세,'22상,47.8
서울특별시,양천구,서울특별시-양천구,15 - 29세,'21상,36.7
서울특별시,양천구,서울특별시-양천구,15 - 29세,'21하,33.8
서울특별시,양천구,서울특별시-양천구,15 - 29세,'22상,39.4
서울특별시,강서구,서울특별시-강서구,15 - 29세,'21상,50.1
서울특별시,강서구,서울특별시-강서구,15 - 29세,'21하,48.1
서울특별시,강서구,서울특별시-강서구,15 - 29세,'22상,50
서울특별시,구로구,서울특별시-구로구,15 - 29세,'21상,47.9
서울특별시,구로구,서울특별시-구로구,15 - 29세,'21하,48.9
서울특별시,구로구,서울특별시-구로구,15 - 29세,'22상,47.3
서울특별시,금천구,서울특별시-금천구,15 - 29세,'21상,54.9
서울특별시,금천구,서울특별시-금천구,15 - 29세,'21하,54.6
서울특별시,금천구,서울특별시-금천구,15 - 29세,'22상,57.1
서울특별시,영등포구,서울특별시-영등포구,15 - 29세,'21상,52.6
서울특별시,영등포구,서울특별시-영등포구,15 - 29세,'21하,50.5
서울특별시,영등포구,서울특별시-영등포구,15 - 29세,'22상,52.3
서울특별시,동작구,서울특별시-동작구,15 - 29세,'21상,41.8
서울특별시,동작구,서울특별시-동작구,15 - 29세,'21하,43.7
서울특별시,동작구,서울특별시-동작구,15 - 29세,'22상,48
서울특별시,관악구,서울특별시-관악구,15 - 29세,'21상,50
서울특별시,관악구,서울특별시-관악구,15 - 29세,'21하,49.3
서울특별시,관악구,서울특별시-관악구,15 - 29세,'22상,55
서울특별시,서초구,서울특별시-서초구,15 - 29세,'21상,37.8
서울특별시,서초구,서울특별시-서초구,15 - 29세,'21하,39.5
서울특별시,서초구,서울특별시-서초구,15 - 29세,'22상,38.4
서울특별시,강남구,서울특별시-강남구,15 - 29세,'21상,39.8
서울특별시,강남구,서울특별시-강남구,15 - 29세,'21하,37.8
서울특별시,강남구,서울특별시-강남구,15 - 29세,'22상,41.2
서울특별시,송파구,서울특별시-송파구,15 - 29세,'21상,43.3
서울특별시,송파구,서울특별시-송파구,15 - 29세,'21하,43.7
서울특별시,송파구,서울특별시-송파구,15 - 29세,'22상,44.8
서울특별시,강동구,서울특별시-강동구,15 - 29세,'21상,46
서울특별시,강동구,서울특별시-강동구,15 - 29세,'21하,46.7
서울특별시,강동구,서울특별시-강동구,15 - 29세,'22상,45.1
부산광역시,중구,부산광역시-중구,15 - 29세,'21상,46.8
부산광역시,중구,부산광역시-중구,15 - 29세,'21하,53.4
부산광역시,중구,부산광역시-중구,15 - 29세,'22상,54.3
부산광역시,서구,부산광역시-서구,15 - 29세,'21상,40.7
부산광역시,서구,부산광역시-서구,15 - 29세,'21하,42.4
부산광역시,서구,부산광역시-서구,15 - 29세,'22상,42.8
부산광역시,동구,부산광역시-동구,15 - 29세,'21상,39.4
부산광역시,동구,부산광역시-동구,15 - 29세,'21하,40.6
부산광역시,동구,부산광역시-동구,15 - 29세,'22상,36.3
부산광역시,영도구,부산광역시-영도구,15 - 29세,'21상,30
부산광역시,영도구,부산광역시-영도구,15 - 29세,'21하,36.3
부산광역시,영도구,부산광역시-영도구,15 - 29세,'22상,35.4
부산광역시,부산진구,부산광역시-부산진구,15 - 29세,'21상,41.5
부산광역시,부산진구,부산광역시-부산진구,15 - 29세,'21하,42.2
부산광역시,부산진구,부산광역시-부산진구,15 - 29세,'22상,41.5
부산광역시,동래구,부산광역시-동래구,15 - 29세,'21상,33.2
부산광역시,동래구,부산광역시-동래구,15 - 29세,'21하,33.2
부산광역시,동래구,부산광역시-동래구,15 - 29세,'22상,35.9
부산광역시,남구,부산광역시-남구,15 - 29세,'21상,27.8
부산광역시,남구,부산광역시-남구,15 - 29세,'21하,31.1
부산광역시,남구,부산광역시-남구,15 - 29세,'22상,37
부산광역시,북구,부산광역시-북구,15 - 29세,'21상,37.1
부산광역시,북구,부산광역시-북구,15 - 29세,'21하,40.4
부산광역시,북구,부산광역시-북구,15 - 29세,'22상,41
부산광역시,해운대구,부산광역시-해운대구,15 - 29세,'21상,31.2
부산광역시,해운대구,부산광역시-해운대구,15 - 29세,'21하,31.6
부산광역시,해운대구,부산광역시-해운대구,15 - 29세,'22상,35.6
부산광역시,사하구,부산광역시-사하구,15 - 29세,'21상,38.5
부산광역시,사하구,부산광역시-사하구,15 - 29세,'21하,40.5
부산광역시,사하구,부산광역시-사하구,15 - 29세,'22상,41.2
부산광역시,금정구,부산광역시-금정구,15 - 29세,'21상,30.5
부산광역시,금정구,부산광역시-금정구,15 - 29세,'21하,32.6
부산광역시,금정구,부산광역시-금정구,15 - 29세,'22상,33.2
부산광역시,강서구,부산광역시-강서구,15 - 29세,'21상,46.1
부산광역시,강서구,부산광역시-강서구,15 - 29세,'21하,41.6
부산광역시,강서구,부산광역시-강서구,15 - 29세,'22상,42.3
부산광역시,연제구,부산광역시-연제구,15 - 29세,'21상,35.8
부산광역시,연제구,부산광역시-연제구,15 - 29세,'21하,39.8
부산광역시,연제구,부산광역시-연제구,15 - 29세,'22상,43.4
부산광역시,수영구,부산광역시-수영구,15 - 29세,'21상,41.9
부산광역시,수영구,부산광역시-수영구,15 - 29세,'21하,48.3
부산광역시,수영구,부산광역시-수영구,15 - 29세,'22상,54.5
부산광역시,사상구,부산광역시-사상구,15 - 29세,'21상,44.4
부산광역시,사상구,부산광역시-사상구,15 - 29세,'21하,45
부산광역시,사상구,부산광역시-사상구,15 - 29세,'22상,50.4
부산광역시,기장군,부산광역시-기장군,15 - 29세,'21상,32.2
부산광역시,기장군,부산광역시-기장군,15 - 29세,'21하,36.7
부산광역시,기장군,부산광역시-기장군,15 - 29세,'22상,35.8
대구광역시,중구,대구광역시-중구,15 - 29세,'21상,46.3
대구광역시,중구,대구광역시-중구,15 - 29세,'21하,49.5
대구광역시,중구,대구광역시-중구,15 - 29세,'22상,48.8
대구광역시,동구,대구광역시-동구,15 - 29세,'21상,42.7
대구광역시,동구,대구광역시-동구,15 - 29세,'21하,45.2
대구광역시,동구,대구광역시-동구,15 - 29세,'22상,45.4
대구광역시,서구,대구광역시-서구,15 - 29세,'21상,37.2
대구광역시,서구,대구광역시-서구,15 - 29세,'21하,41.5
대구광역시,서구,대구광역시-서구,15 - 29세,'22상,44.1
대구광역시,남구,대구광역시-남구,15 - 29세,'21상,38.8
대구광역시,남구,대구광역시-남구,15 - 29세,'21하,39.8
대구광역시,남구,대구광역시-남구,15 - 29세,'22상,41.6
대구광역시,북구,대구광역시-북구,15 - 29세,'21상,31.1
대구광역시,북구,대구광역시-북구,15 - 29세,'21하,31.6
대구광역시,북구,대구광역시-북구,15 - 29세,'22상,33.2
대구광역시,수성구,대구광역시-수성구,15 - 29세,'21상,27.1
대구광역시,수성구,대구광역시-수성구,15 - 29세,'21하,27.4
대구광역시,수성구,대구광역시-수성구,15 - 29세,'22상,28.1
대구광역시,달서구,대구광역시-달서구,15 - 29세,'21상,37.2
대구광역시,달서구,대구광역시-달서구,15 - 29세,'21하,38.7
대구광역시,달서구,대구광역시-달서구,15 - 29세,'22상,39.4
대구광역시,달성군,대구광역시-달성군,15 - 29세,'21상,37.8
대구광역시,달성군,대구광역시-달성군,15 - 29세,'21하,39.4
대구광역시,달성군,대구광역시-달성군,15 - 29세,'22상,39.2
인천광역시,중구,인천광역시-중구,15 - 29세,'21상,41.4
인천광역시,중구,인천광역시-중구,15 - 29세,'21하,41.6
인천광역시,중구,인천광역시-중구,15 - 29세,'22상,44.1
인천광역시,동구,인천광역시-동구,15 - 29세,'21상,38
인천광역시,동구,인천광역시-동구,15 - 29세,'21하,39.5
인천광역시,동구,인천광역시-동구,15 - 29세,'22상,40.5
인천광역시,연수구,인천광역시-연수구,15 - 29세,'21상,36.6
인천광역시,연수구,인천광역시-연수구,15 - 29세,'21하,38.9
인천광역시,연수구,인천광역시-연수구,15 - 29세,'22상,38.3
인천광역시,남동구,인천광역시-남동구,15 - 29세,'21상,41.1
인천광역시,남동구,인천광역시-남동구,15 - 29세,'21하,45.3
인천광역시,남동구,인천광역시-남동구,15 - 29세,'22상,46.3
인천광역시,부평구,인천광역시-부평구,15 - 29세,'21상,45.9
인천광역시,부평구,인천광역시-부평구,15 - 29세,'21하,49.6
인천광역시,부평구,인천광역시-부평구,15 - 29세,'22상,52.2
인천광역시,계양구,인천광역시-계양구,15 - 29세,'21상,43
인천광역시,계양구,인천광역시-계양구,15 - 29세,'21하,43.3
인천광역시,계양구,인천광역시-계양구,15 - 29세,'22상,44.8
인천광역시,서구,인천광역시-서구,15 - 29세,'21상,45.8
인천광역시,서구,인천광역시-서구,15 - 29세,'21하,43.7
인천광역시,서구,인천광역시-서구,15 - 29세,'22상,43.6
인천광역시,미추홀구,인천광역시-미추홀구,15 - 29세,'21상,45.2
인천광역시,미추홀구,인천광역시-미추홀구,15 - 29세,'21하,47.7
인천광역시,미추홀구,인천광역시-미추홀구,15 - 29세,'22상,45.7
인천광역시,강화군,인천광역시-강화군,15 - 29세,'21상,36.7
인천광역시,강화군,인천광역시-강화군,15 - 29세,'21하,34.5
인천광역시,강화군,인천광역시-강화군,15 - 29세,'22상,41.3
인천광역시,옹진군,인천광역시-옹진군,15 - 29세,'21상,57.9
인천광역시,옹진군,인천광역시-옹진군,15 - 29세,'21하,52.4
인천광역시,옹진군,인천광역시-옹진군,15 - 29세,'22상,56.1
광주광역시,동구,광주광역시-동구,15 - 29세,'21상,34.6
광주광역시,동구,광주광역시-동구,15 - 29세,'21하,33.1
광주광역시,동구,광주광역시-동구,15 - 29세,'22상,40.4
광주광역시,서구,광주광역시-서구,15 - 29세,'21상,39.7
광주광역시,서구,광주광역시-서구,15 - 29세,'21하,38.1
광주광역시,서구,광주광역시-서구,15 - 29세,'22상,40.3
광주광역시,남구,광주광역시-남구,15 - 29세,'21상,33.5
광주광역시,남구,광주광역시-남구,15 - 29세,'21하,33.2
광주광역시,남구,광주광역시-남구,15 - 29세,'22상,36.3
광주광역시,북구,광주광역시-북구,15 - 29세,'21상,34.7
광주광역시,북구,광주광역시-북구,15 - 29세,'21하,35.1
광주광역시,북구,광주광역시-북구,15 - 29세,'22상,39.7
광주광역시,광산구,광주광역시-광산구,15 - 29세,'21상,35.9
광주광역시,광산구,광주광역시-광산구,15 - 29세,'21하,37.4
광주광역시,광산구,광주광역시-광산구,15 - 29세,'22상,35.6
대전광역시,동구,대전광역시-동구,15 - 29세,'21상,29.4
대전광역시,동구,대전광역시-동구,15 - 29세,'21하,34.2
대전광역시,동구,대전광역시-동구,15 - 29세,'22상,33.8
대전광역시,중구,대전광역시-중구,15 - 29세,'21상,39
대전광역시,중구,대전광역시-중구,15 - 29세,'21하,44.3
대전광역시,중구,대전광역시-중구,15 - 29세,'22상,47.6
대전광역시,서구,대전광역시-서구,15 - 29세,'21상,44.2
대전광역시,서구,대전광역시-서구,15 - 29세,'21하,43.3
대전광역시,서구,대전광역시-서구,15 - 29세,'22상,44.2
대전광역시,유성구,대전광역시-유성구,15 - 29세,'21상,43
대전광역시,유성구,대전광역시-유성구,15 - 29세,'21하,39.5
대전광역시,유성구,대전광역시-유성구,15 - 29세,'22상,43.8
대전광역시,대덕구,대전광역시-대덕구,15 - 29세,'21상,40.3
대전광역시,대덕구,대전광역시-대덕구,15 - 29세,'21하,44.6
대전광역시,대덕구,대전광역시-대덕구,15 - 29세,'22상,46
울산광역시,중구,울산광역시-중구,15 - 29세,'21상,35.1
울산광역시,중구,울산광역시-중구,15 - 29세,'21하,40.3
울산광역시,중구,울산광역시-중구,15 - 29세,'22상,40.1
울산광역시,남구,울산광역시-남구,15 - 29세,'21상,36.2
울산광역시,남구,울산광역시-남구,15 - 29세,'21하,37.7
울산광역시,남구,울산광역시-남구,15 - 29세,'22상,38
울산광역시,동구,울산광역시-동구,15 - 29세,'21상,30.9
울산광역시,동구,울산광역시-동구,15 - 29세,'21하,30.9
울산광역시,동구,울산광역시-동구,15 - 29세,'22상,34.7
울산광역시,북구,울산광역시-북구,15 - 29세,'21상,33.7
울산광역시,북구,울산광역시-북구,15 - 29세,'21하,38.5
울산광역시,북구,울산광역시-북구,15 - 29세,'22상,36.4
울산광역시,울주군,울산광역시-울주군,15 - 29세,'21상,32.9
울산광역시,울주군,울산광역시-울주군,15 - 29세,'21하,33.6
울산광역시,울주군,울산광역시-울주군,15 - 29세,'22상,38.7
경기도,수원시,경기도-수원시,15 - 29세,'18상,42
경기도,수원시,경기도-수원시,15 - 29세,'18하,43.8
경기도,수원시,경기도-수원시,15 - 29세,'19상,45.4
경기도,수원시,경기도-수원시,15 - 29세,'19하,44.7
경기도,수원시,경기도-수원시,15 - 29세,'20상,43.7
경기도,수원시,경기도-수원시,15 - 29세,'20하,41
경기도,수원시,경기도-수원시,15 - 29세,'21상,43
경기도,수원시,경기도-수원시,15 - 29세,'21하,44.8
경기도,수원시,경기도-수원시,15 - 29세,'22상,49.1
경기도,성남시,경기도-성남시,15 - 29세,'18상,42.6
경기도,성남시,경기도-성남시,15 - 29세,'18하,40.2
경기도,성남시,경기도-성남시,15 - 29세,'19상,43
경기도,성남시,경기도-성남시,15 - 29세,'19하,46.5
경기도,성남시,경기도-성남시,15 - 29세,'20상,43.5
경기도,성남시,경기도-성남시,15 - 29세,'20하,42.1
경기도,성남시,경기도-성남시,15 - 29세,'21상,42.4
경기도,성남시,경기도-성남시,15 - 29세,'21하,45.4
경기도,성남시,경기도-성남시,15 - 29세,'22상,42.9
경기도,의정부시,경기도-의정부시,15 - 29세,'18상,39.2
경기도,의정부시,경기도-의정부시,15 - 29세,'18하,40.1
경기도,의정부시,경기도-의정부시,15 - 29세,'19상,44.8
경기도,의정부시,경기도-의정부시,15 - 29세,'19하,43.7
경기도,의정부시,경기도-의정부시,15 - 29세,'20상,38.4
경기도,의정부시,경기도-의정부시,15 - 29세,'20하,38.1
경기도,의정부시,경기도-의정부시,15 - 29세,'21상,38.4
경기도,의정부시,경기도-의정부시,15 - 29세,'21하,42.1
경기도,의정부시,경기도-의정부시,15 - 29세,'22상,42.5
경기도,안양시,경기도-안양시,15 - 29세,'18상,41.5
경기도,안양시,경기도-안양시,15 - 29세,'18하,42.3
경기도,안양시,경기도-안양시,15 - 29세,'19상,44
경기도,안양시,경기도-안양시,15 - 29세,'19하,45.7
경기도,안양시,경기도-안양시,15 - 29세,'20상,39.8
경기도,안양시,경기도-안양시,15 - 29세,'20하,42.8
경기도,안양시,경기도-안양시,15 - 29세,'21상,43.1
경기도,안양시,경기도-안양시,15 - 29세,'21하,41.3
경기도,안양시,경기도-안양시,15 - 29세,'22상,43.6
경기도,부천시,경기도-부천시,15 - 29세,'18상,44.2
경기도,부천시,경기도-부천시,15 - 29세,'18하,46.2
경기도,부천시,경기도-부천시,15 - 29세,'19상,46.3
경기도,부천시,경기도-부천시,15 - 29세,'19하,44.3
경기도,부천시,경기도-부천시,15 - 29세,'20상,43.2
경기도,부천시,경기도-부천시,15 - 29세,'20하,41.8
경기도,부천시,경기도-부천시,15 - 29세,'21상,45.4
경기도,부천시,경기도-부천시,15 - 29세,'21하,45.5
경기도,부천시,경기도-부천시,15 - 29세,'22상,44.6
경기도,광명시,경기도-광명시,15 - 29세,'18상,38.2
경기도,광명시,경기도-광명시,15 - 29세,'18하,39
경기도,광명시,경기도-광명시,15 - 29세,'19상,39.7
경기도,광명시,경기도-광명시,15 - 29세,'19하,39.7
경기도,광명시,경기도-광명시,15 - 29세,'20상,36.6
경기도,광명시,경기도-광명시,15 - 29세,'20하,37
경기도,광명시,경기도-광명시,15 - 29세,'21상,36.9
경기도,광명시,경기도-광명시,15 - 29세,'21하,36.7
경기도,광명시,경기도-광명시,15 - 29세,'22상,38
경기도,평택시,경기도-평택시,15 - 29세,'18상,44.8
경기도,평택시,경기도-평택시,15 - 29세,'18하,41.1
경기도,평택시,경기도-평택시,15 - 29세,'19상,46.3
경기도,평택시,경기도-평택시,15 - 29세,'19하,43.7
경기도,평택시,경기도-평택시,15 - 29세,'20상,41.9
경기도,평택시,경기도-평택시,15 - 29세,'20하,42.9
경기도,평택시,경기도-평택시,15 - 29세,'21상,47.3
경기도,평택시,경기도-평택시,15 - 29세,'21하,45.1
경기도,평택시,경기도-평택시,15 - 29세,'22상,46.5
경기도,동두천시,경기도-동두천시,15 - 29세,'18상,34.9
경기도,동두천시,경기도-동두천시,15 - 29세,'18하,35.5
경기도,동두천시,경기도-동두천시,15 - 29세,'19상,34.9
경기도,동두천시,경기도-동두천시,15 - 29세,'19하,39.8
경기도,동두천시,경기도-동두천시,15 - 29세,'20상,39.2
경기도,동두천시,경기도-동두천시,15 - 29세,'20하,39
경기도,동두천시,경기도-동두천시,15 - 29세,'21상,39.5
경기도,동두천시,경기도-동두천시,15 - 29세,'21하,43.3
경기도,동두천시,경기도-동두천시,15 - 29세,'22상,40
경기도,안산시,경기도-안산시,15 - 29세,'18상,42
경기도,안산시,경기도-안산시,15 - 29세,'18하,41.2
경기도,안산시,경기도-안산시,15 - 29세,'19상,43.3
경기도,안산시,경기도-안산시,15 - 29세,'19하,43.3
경기도,안산시,경기도-안산시,15 - 29세,'20상,37.9
경기도,안산시,경기도-안산시,15 - 29세,'20하,37.4
경기도,안산시,경기도-안산시,15 - 29세,'21상,42.6
경기도,안산시,경기도-안산시,15 - 29세,'21하,42.8
경기도,안산시,경기도-안산시,15 - 29세,'22상,46.1
경기도,고양시,경기도-고양시,15 - 29세,'18상,42.2
경기도,고양시,경기도-고양시,15 - 29세,'18하,42.5
경기도,고양시,경기도-고양시,15 - 29세,'19상,39.5
경기도,고양시,경기도-고양시,15 - 29세,'19하,41.9
경기도,고양시,경기도-고양시,15 - 29세,'20상,37
경기도,고양시,경기도-고양시,15 - 29세,'20하,41.8
경기도,고양시,경기도-고양시,15 - 29세,'21상,40.8
경기도,고양시,경기도-고양시,15 - 29세,'21하,42.9
경기도,고양시,경기도-고양시,15 - 29세,'22상,45.7
경기도,과천시,경기도-과천시,15 - 29세,'18상,31.3
경기도,과천시,경기도-과천시,15 - 29세,'18하,29
경기도,과천시,경기도-과천시,15 - 29세,'19상,30.3
경기도,과천시,경기도-과천시,15 - 29세,'19하,30.8
경기도,과천시,경기도-과천시,15 - 29세,'20상,26.5
경기도,과천시,경기도-과천시,15 - 29세,'20하,28.8
경기도,과천시,경기도-과천시,15 - 29세,'21상,30.5
경기도,과천시,경기도-과천시,15 - 29세,'21하,33.2
경기도,과천시,경기도-과천시,15 - 29세,'22상,37.1
경기도,구리시,경기도-구리시,15 - 29세,'18상,41.4
경기도,구리시,경기도-구리시,15 - 29세,'18하,41.6
경기도,구리시,경기도-구리시,15 - 29세,'19상,39.6
경기도,구리시,경기도-구리시,15 - 29세,'19하,41
경기도,구리시,경기도-구리시,15 - 29세,'20상,38.2
경기도,구리시,경기도-구리시,15 - 29세,'20하,44.3
경기도,구리시,경기도-구리시,15 - 29세,'21상,43.9
경기도,구리시,경기도-구리시,15 - 29세,'21하,41.6
경기도,구리시,경기도-구리시,15 - 29세,'22상,44.9
경기도,남양주시,경기도-남양주시,15 - 29세,'18상,35.4
경기도,남양주시,경기도-남양주시,15 - 29세,'18하,32.9
경기도,남양주시,경기도-남양주시,15 - 29세,'19상,36.4
경기도,남양주시,경기도-남양주시,15 - 29세,'19하,38.3
경기도,남양주시,경기도-남양주시,15 - 29세,'20상,35.3
경기도,남양주시,경기도-남양주시,15 - 29세,'20하,36.7
경기도,남양주시,경기도-남양주시,15 - 29세,'21상,37.2
경기도,남양주시,경기도-남양주시,15 - 29세,'21하,38.6
경기도,남양주시,경기도-남양주시,15 - 29세,'22상,38.3
경기도,오산시,경기도-오산시,15 - 29세,'18상,43.2
경기도,오산시,경기도-오산시,15 - 29세,'18하,45.3
경기도,오산시,경기도-오산시,15 - 29세,'19상,46.6
경기도,오산시,경기도-오산시,15 - 29세,'19하,46.7
경기도,오산시,경기도-오산시,15 - 29세,'20상,41.4
경기도,오산시,경기도-오산시,15 - 29세,'20하,42.3
경기도,오산시,경기도-오산시,15 - 29세,'21상,43.5
경기도,오산시,경기도-오산시,15 - 29세,'21하,44.5
경기도,오산시,경기도-오산시,15 - 29세,'22상,47.4
경기도,시흥시,경기도-시흥시,15 - 29세,'18상,39.7
경기도,시흥시,경기도-시흥시,15 - 29세,'18하,42.5
경기도,시흥시,경기도-시흥시,15 - 29세,'19상,46.4
경기도,시흥시,경기도-시흥시,15 - 29세,'19하,45.8
경기도,시흥시,경기도-시흥시,15 - 29세,'20상,42.8
경기도,시흥시,경기도-시흥시,15 - 29세,'20하,45.1
경기도,시흥시,경기도-시흥시,15 - 29세,'21상,43.2
경기도,시흥시,경기도-시흥시,15 - 29세,'21하,44.7
경기도,시흥시,경기도-시흥시,15 - 29세,'22상,45.3
경기도,군포시,경기도-군포시,15 - 29세,'18상,39.6
경기도,군포시,경기도-군포시,15 - 29세,'18하,41.7
경기도,군포시,경기도-군포시,15 - 29세,'19상,42.6
경기도,군포시,경기도-군포시,15 - 29세,'19하,43.9
경기도,군포시,경기도-군포시,15 - 29세,'20상,38.7
경기도,군포시,경기도-군포시,15 - 29세,'20하,41.4
경기도,군포시,경기도-군포시,15 - 29세,'21상,41.1
경기도,군포시,경기도-군포시,15 - 29세,'21하,46.6
경기도,군포시,경기도-군포시,15 - 29세,'22상,48.8
경기도,의왕시,경기도-의왕시,15 - 29세,'18상,39.9
경기도,의왕시,경기도-의왕시,15 - 29세,'18하,38.6
경기도,의왕시,경기도-의왕시,15 - 29세,'19상,39
경기도,의왕시,경기도-의왕시,15 - 29세,'19하,36.9
경기도,의왕시,경기도-의왕시,15 - 29세,'20상,35.8
경기도,의왕시,경기도-의왕시,15 - 29세,'20하,37.8
경기도,의왕시,경기도-의왕시,15 - 29세,'21상,40.1
경기도,의왕시,경기도-의왕시,15 - 29세,'21하,41.7
경기도,의왕시,경기도-의왕시,15 - 29세,'22상,42
경기도,하남시,경기도-하남시,15 - 29세,'18상,43.7
경기도,하남시,경기도-하남시,15 - 29세,'18하,45.9
경기도,하남시,경기도-하남시,15 - 29세,'19상,41.7
경기도,하남시,경기도-하남시,15 - 29세,'19하,46.2
경기도,하남시,경기도-하남시,15 - 29세,'20상,48.3
경기도,하남시,경기도-하남시,15 - 29세,'20하,43.9
경기도,하남시,경기도-하남시,15 - 29세,'21상,45.8
경기도,하남시,경기도-하남시,15 - 29세,'21하,46.2
경기도,하남시,경기도-하남시,15 - 29세,'22상,46.4
경기도,용인시,경기도-용인시,15 - 29세,'18상,34.5
경기도,용인시,경기도-용인시,15 - 29세,'18하,37.9
경기도,용인시,경기도-용인시,15 - 29세,'19상,38
경기도,용인시,경기도-용인시,15 - 29세,'19하,37.7
경기도,용인시,경기도-용인시,15 - 29세,'20상,33.5
경기도,용인시,경기도-용인시,15 - 29세,'20하,36.8
경기도,용인시,경기도-용인시,15 - 29세,'21상,39.9
경기도,용인시,경기도-용인시,15 - 29세,'21하,40.6
경기도,용인시,경기도-용인시,15 - 29세,'22상,41.6
경기도,파주시,경기도-파주시,15 - 29세,'18상,40.9
경기도,파주시,경기도-파주시,15 - 29세,'18하,42.4
경기도,파주시,경기도-파주시,15 - 29세,'19상,44.6
경기도,파주시,경기도-파주시,15 - 29세,'19하,41.5
경기도,파주시,경기도-파주시,15 - 29세,'20상,40.1
경기도,파주시,경기도-파주시,15 - 29세,'20하,35.7
경기도,파주시,경기도-파주시,15 - 29세,'21상,35.3
경기도,파주시,경기도-파주시,15 - 29세,'21하,39.1
경기도,파주시,경기도-파주시,15 - 29세,'22상,42.3
경기도,이천시,경기도-이천시,15 - 29세,'18상,43.5
경기도,이천시,경기도-이천시,15 - 29세,'18하,47.7
경기도,이천시,경기도-이천시,15 - 29세,'19상,49
경기도,이천시,경기도-이천시,15 - 29세,'19하,46.1
경기도,이천시,경기도-이천시,15 - 29세,'20상,48.4
경기도,이천시,경기도-이천시,15 - 29세,'20하,42.9
경기도,이천시,경기도-이천시,15 - 29세,'21상,47.7
경기도,이천시,경기도-이천시,15 - 29세,'21하,51.5
경기도,이천시,경기도-이천시,15 - 29세,'22상,50.7
경기도,안성시,경기도-안성시,15 - 29세,'18상,47.7
경기도,안성시,경기도-안성시,15 - 29세,'18하,46.3
경기도,안성시,경기도-안성시,15 - 29세,'19상,46.2
경기도,안성시,경기도-안성시,15 - 29세,'19하,42.8
경기도,안성시,경기도-안성시,15 - 29세,'20상,42.5
경기도,안성시,경기도-안성시,15 - 29세,'20하,43.9
경기도,안성시,경기도-안성시,15 - 29세,'21상,42.6
경기도,안성시,경기도-안성시,15 - 29세,'21하,41.5
경기도,안성시,경기도-안성시,15 - 29세,'22상,42.2
경기도,김포시,경기도-김포시,15 - 29세,'18상,38.5
경기도,김포시,경기도-김포시,15 - 29세,'18하,39.7
경기도,김포시,경기도-김포시,15 - 29세,'19상,42.8
경기도,김포시,경기도-김포시,15 - 29세,'19하,41.8
경기도,김포시,경기도-김포시,15 - 29세,'20상,38.1
경기도,김포시,경기도-김포시,15 - 29세,'20하,43.3
경기도,김포시,경기도-김포시,15 - 29세,'21상,38.2
경기도,김포시,경기도-김포시,15 - 29세,'21하,41.2
경기도,김포시,경기도-김포시,15 - 29세,'22상,43.8
경기도,화성시,경기도-화성시,15 - 29세,'18상,42.6
경기도,화성시,경기도-화성시,15 - 29세,'18하,44.7
경기도,화성시,경기도-화성시,15 - 29세,'19상,46
경기도,화성시,경기도-화성시,15 - 29세,'19하,48.2
경기도,화성시,경기도-화성시,15 - 29세,'20상,42.2
경기도,화성시,경기도-화성시,15 - 29세,'20하,42.6
경기도,화성시,경기도-화성시,15 - 29세,'21상,46.2
경기도,화성시,경기도-화성시,15 - 29세,'21하,45.4
경기도,화성시,경기도-화성시,15 - 29세,'22상,42.3
경기도,광주시,경기도-광주시,15 - 29세,'18상,47.7
경기도,광주시,경기도-광주시,15 - 29세,'18하,42.6
경기도,광주시,경기도-광주시,15 - 29세,'19상,46.8
경기도,광주시,경기도-광주시,15 - 29세,'19하,47.5
경기도,광주시,경기도-광주시,15 - 29세,'20상,45.9
경기도,광주시,경기도-광주시,15 - 29세,'20하,45.6
경기도,광주시,경기도-광주시,15 - 29세,'21상,48.1
경기도,광주시,경기도-광주시,15 - 29세,'21하,48.2
경기도,광주시,경기도-광주시,15 - 29세,'22상,50.6
경기도,양주시,경기도-양주시,15 - 29세,'18상,33.5
경기도,양주시,경기도-양주시,15 - 29세,'18하,35.6
경기도,양주시,경기도-양주시,15 - 29세,'19상,39.1
경기도,양주시,경기도-양주시,15 - 29세,'19하,36.7
경기도,양주시,경기도-양주시,15 - 29세,'20상,34.7
경기도,양주시,경기도-양주시,15 - 29세,'20하,35.4
경기도,양주시,경기도-양주시,15 - 29세,'21상,39.7
경기도,양주시,경기도-양주시,15 - 29세,'21하,41.6
경기도,양주시,경기도-양주시,15 - 29세,'22상,42
경기도,포천시,경기도-포천시,15 - 29세,'18상,47.2
경기도,포천시,경기도-포천시,15 - 29세,'18하,49.9
경기도,포천시,경기도-포천시,15 - 29세,'19상,44.3
경기도,포천시,경기도-포천시,15 - 29세,'19하,50.8
경기도,포천시,경기도-포천시,15 - 29세,'20상,40.8
경기도,포천시,경기도-포천시,15 - 29세,'20하,43.9
경기도,포천시,경기도-포천시,15 - 29세,'21상,48.3
경기도,포천시,경기도-포천시,15 - 29세,'21하,49.2
경기도,포천시,경기도-포천시,15 - 29세,'22상,47.3
경기도,여주시,경기도-여주시,15 - 29세,'18상,42.7
경기도,여주시,경기도-여주시,15 - 29세,'18하,43.7
경기도,여주시,경기도-여주시,15 - 29세,'19상,39.8
경기도,여주시,경기도-여주시,15 - 29세,'19하,43.5
경기도,여주시,경기도-여주시,15 - 29세,'20상,43.9
경기도,여주시,경기도-여주시,15 - 29세,'20하,46.5
경기도,여주시,경기도-여주시,15 - 29세,'21상,49.3
경기도,여주시,경기도-여주시,15 - 29세,'21하,50
경기도,여주시,경기도-여주시,15 - 29세,'22상,45.9
경기도,연천군,경기도-연천군,15 - 29세,'18상,36.2
경기도,연천군,경기도-연천군,15 - 29세,'18하,42.2
경기도,연천군,경기도-연천군,15 - 29세,'19상,38.1
경기도,연천군,경기도-연천군,15 - 29세,'19하,44.1
경기도,연천군,경기도-연천군,15 - 29세,'20상,43.8
경기도,연천군,경기도-연천군,15 - 29세,'20하,48
경기도,연천군,경기도-연천군,15 - 29세,'21상,45.8
경기도,연천군,경기도-연천군,15 - 29세,'21하,36.4
경기도,연천군,경기도-연천군,15 - 29세,'22상,39.2
경기도,가평군,경기도-가평군,15 - 29세,'18상,28.6
경기도,가평군,경기도-가평군,15 - 29세,'18하,26.8
경기도,가평군,경기도-가평군,15 - 29세,'19상,25.3
경기도,가평군,경기도-가평군,15 - 29세,'19하,25.4
경기도,가평군,경기도-가평군,15 - 29세,'20상,28.7
경기도,가평군,경기도-가평군,15 - 29세,'20하,27.2
경기도,가평군,경기도-가평군,15 - 29세,'21상,37.8
경기도,가평군,경기도-가평군,15 - 29세,'21하,39.4
경기도,가평군,경기도-가평군,15 - 29세,'22상,35.8
경기도,양평군,경기도-양평군,15 - 29세,'18상,36.6
경기도,양평군,경기도-양평군,15 - 29세,'18하,32.5
경기도,양평군,경기도-양평군,15 - 29세,'19상,33.7
경기도,양평군,경기도-양평군,15 - 29세,'19하,37.1
경기도,양평군,경기도-양평군,15 - 29세,'20상,30.7
경기도,양평군,경기도-양평군,15 - 29세,'20하,32.1
경기도,양평군,경기도-양평군,15 - 29세,'21상,31.8
경기도,양평군,경기도-양평군,15 - 29세,'21하,32.7
경기도,양평군,경기도-양평군,15 - 29세,'22상,38.8
강원도,춘천시,강원도-춘천시,15 - 29세,'18상,37.2
강원도,춘천시,강원도-춘천시,15 - 29세,'18하,35.9
강원도,춘천시,강원도-춘천시,15 - 29세,'19상,41.1
강원도,춘천시,강원도-춘천시,15 - 29세,'19하,38.7
강원도,춘천시,강원도-춘천시,15 - 29세,'20상,33.5
강원도,춘천시,강원도-춘천시,15 - 29세,'20하,36.5
강원도,춘천시,강원도-춘천시,15 - 29세,'21상,36.1
강원도,춘천시,강원도-춘천시,15 - 29세,'21하,39.3
강원도,춘천시,강원도-춘천시,15 - 29세,'22상,39.8
강원도,원주시,강원도-원주시,15 - 29세,'18상,35
강원도,원주시,강원도-원주시,15 - 29세,'18하,39.1
강원도,원주시,강원도-원주시,15 - 29세,'19상,34
강원도,원주시,강원도-원주시,15 - 29세,'19하,35.6
강원도,원주시,강원도-원주시,15 - 29세,'20상,32.5
강원도,원주시,강원도-원주시,15 - 29세,'20하,35.9
강원도,원주시,강원도-원주시,15 - 29세,'21상,37.2
강원도,원주시,강원도-원주시,15 - 29세,'21하,39.2
강원도,원주시,강원도-원주시,15 - 29세,'22상,34.1
강원도,강릉시,강원도-강릉시,15 - 29세,'18상,34.7
강원도,강릉시,강원도-강릉시,15 - 29세,'18하,32.1
강원도,강릉시,강원도-강릉시,15 - 29세,'19상,36.9
강원도,강릉시,강원도-강릉시,15 - 29세,'19하,39.2
강원도,강릉시,강원도-강릉시,15 - 29세,'20상,32.9
강원도,강릉시,강원도-강릉시,15 - 29세,'20하,35
강원도,강릉시,강원도-강릉시,15 - 29세,'21상,37.8
강원도,강릉시,강원도-강릉시,15 - 29세,'21하,38.7
강원도,강릉시,강원도-강릉시,15 - 29세,'22상,37.6
강원도,동해시,강원도-동해시,15 - 29세,'18상,32.7
강원도,동해시,강원도-동해시,15 - 29세,'18하,35.7
강원도,동해시,강원도-동해시,15 - 29세,'19상,31.2
강원도,동해시,강원도-동해시,15 - 29세,'19하,31.7
강원도,동해시,강원도-동해시,15 - 29세,'20상,31.3
강원도,동해시,강원도-동해시,15 - 29세,'20하,32.7
강원도,동해시,강원도-동해시,15 - 29세,'21상,29.7
강원도,동해시,강원도-동해시,15 - 29세,'21하,33.4
강원도,동해시,강원도-동해시,15 - 29세,'22상,32.1
강원도,태백시,강원도-태백시,15 - 29세,'18상,36
강원도,태백시,강원도-태백시,15 - 29세,'18하,31.3
강원도,태백시,강원도-태백시,15 - 29세,'19상,34.8
강원도,태백시,강원도-태백시,15 - 29세,'19하,41
강원도,태백시,강원도-태백시,15 - 29세,'20상,29.4
강원도,태백시,강원도-태백시,15 - 29세,'20하,26.5
강원도,태백시,강원도-태백시,15 - 29세,'21상,32.3
강원도,태백시,강원도-태백시,15 - 29세,'21하,38.5
강원도,태백시,강원도-태백시,15 - 29세,'22상,34.4
강원도,속초시,강원도-속초시,15 - 29세,'18상,32.9
강원도,속초시,강원도-속초시,15 - 29세,'18하,34
강원도,속초시,강원도-속초시,15 - 29세,'19상,37
강원도,속초시,강원도-속초시,15 - 29세,'19하,39
강원도,속초시,강원도-속초시,15 - 29세,'20상,42.1
강원도,속초시,강원도-속초시,15 - 29세,'20하,37.7
강원도,속초시,강원도-속초시,15 - 29세,'21상,40.5
강원도,속초시,강원도-속초시,15 - 29세,'21하,38.8
강원도,속초시,강원도-속초시,15 - 29세,'22상,45.4
강원도,삼척시,강원도-삼척시,15 - 29세,'18상,24.4
강원도,삼척시,강원도-삼척시,15 - 29세,'18하,29.4
강원도,삼척시,강원도-삼척시,15 - 29세,'19상,23.3
강원도,삼척시,강원도-삼척시,15 - 29세,'19하,23.8
강원도,삼척시,강원도-삼척시,15 - 29세,'20상,28.9
강원도,삼척시,강원도-삼척시,15 - 29세,'20하,32.2
강원도,삼척시,강원도-삼척시,15 - 29세,'21상,30
강원도,삼척시,강원도-삼척시,15 - 29세,'21하,32.1
강원도,삼척시,강원도-삼척시,15 - 29세,'22상,29.8
강원도,홍천군,강원도-홍천군,15 - 29세,'18상,32.6
강원도,홍천군,강원도-홍천군,15 - 29세,'18하,39.1
강원도,홍천군,강원도-홍천군,15 - 29세,'19상,32
강원도,홍천군,강원도-홍천군,15 - 29세,'19하,34.4
강원도,홍천군,강원도-홍천군,15 - 29세,'20상,34.9
강원도,홍천군,강원도-홍천군,15 - 29세,'20하,38.5
강원도,홍천군,강원도-홍천군,15 - 29세,'21상,46.4
강원도,홍천군,강원도-홍천군,15 - 29세,'21하,41.8
강원도,홍천군,강원도-홍천군,15 - 29세,'22상,46
강원도,횡성군,강원도-횡성군,15 - 29세,'18상,39.5
강원도,횡성군,강원도-횡성군,15 - 29세,'18하,36.7
강원도,횡성군,강원도-횡성군,15 - 29세,'19상,39.9
강원도,횡성군,강원도-횡성군,15 - 29세,'19하,43.3
강원도,횡성군,강원도-횡성군,15 - 29세,'20상,34.3
강원도,횡성군,강원도-횡성군,15 - 29세,'20하,37.2
강원도,횡성군,강원도-횡성군,15 - 29세,'21상,31.9
강원도,횡성군,강원도-횡성군,15 - 29세,'21하,34
강원도,횡성군,강원도-횡성군,15 - 29세,'22상,35
강원도,영월군,강원도-영월군,15 - 29세,'18상,28.7
강원도,영월군,강원도-영월군,15 - 29세,'18하,37.9
강원도,영월군,강원도-영월군,15 - 29세,'19상,40.7
강원도,영월군,강원도-영월군,15 - 29세,'19하,36.1
강원도,영월군,강원도-영월군,15 - 29세,'20상,32.9
강원도,영월군,강원도-영월군,15 - 29세,'20하,32.7
강원도,영월군,강원도-영월군,15 - 29세,'21상,31.7
강원도,영월군,강원도-영월군,15 - 29세,'21하,32.7
강원도,영월군,강원도-영월군,15 - 29세,'22상,34.4
강원도,평창군,강원도-평창군,15 - 29세,'18상,38.2
강원도,평창군,강원도-평창군,15 - 29세,'18하,43.6
강원도,평창군,강원도-평창군,15 - 29세,'19상,39
강원도,평창군,강원도-평창군,15 - 29세,'19하,36.6
강원도,평창군,강원도-평창군,15 - 29세,'20상,33.8
강원도,평창군,강원도-평창군,15 - 29세,'20하,36.4
강원도,평창군,강원도-평창군,15 - 29세,'21상,38.8
강원도,평창군,강원도-평창군,15 - 29세,'21하,42.5
강원도,평창군,강원도-평창군,15 - 29세,'22상,44.9
강원도,정선군,강원도-정선군,15 - 29세,'18상,41
강원도,정선군,강원도-정선군,15 - 29세,'18하,52.7
강원도,정선군,강원도-정선군,15 - 29세,'19상,52.6
강원도,정선군,강원도-정선군,15 - 29세,'19하,37.3
강원도,정선군,강원도-정선군,15 - 29세,'20상,34.8
강원도,정선군,강원도-정선군,15 - 29세,'20하,33.5
강원도,정선군,강원도-정선군,15 - 29세,'21상,32.5
강원도,정선군,강원도-정선군,15 - 29세,'21하,44.1
강원도,정선군,강원도-정선군,15 - 29세,'22상,37.4
강원도,철원군,강원도-철원군,15 - 29세,'18상,32.9
강원도,철원군,강원도-철원군,15 - 29세,'18하,39.8
강원도,철원군,강원도-철원군,15 - 29세,'19상,36.6
강원도,철원군,강원도-철원군,15 - 29세,'19하,34.8
강원도,철원군,강원도-철원군,15 - 29세,'20상,23.6
강원도,철원군,강원도-철원군,15 - 29세,'20하,25.9
강원도,철원군,강원도-철원군,15 - 29세,'21상,26.8
강원도,철원군,강원도-철원군,15 - 29세,'21하,34.5
강원도,철원군,강원도-철원군,15 - 29세,'22상,44.1
강원도,화천군,강원도-화천군,15 - 29세,'18상,43.4
강원도,화천군,강원도-화천군,15 - 29세,'18하,39.3
강원도,화천군,강원도-화천군,15 - 29세,'19상,41.5
강원도,화천군,강원도-화천군,15 - 29세,'19하,42.1
강원도,화천군,강원도-화천군,15 - 29세,'20상,40.5
강원도,화천군,강원도-화천군,15 - 29세,'20하,39.2
강원도,화천군,강원도-화천군,15 - 29세,'21상,40.4
강원도,화천군,강원도-화천군,15 - 29세,'21하,40.5
강원도,화천군,강원도-화천군,15 - 29세,'22상,55.7
강원도,양구군,강원도-양구군,15 - 29세,'18상,36.3
강원도,양구군,강원도-양구군,15 - 29세,'18하,37.5
강원도,양구군,강원도-양구군,15 - 29세,'19상,37.7
강원도,양구군,강원도-양구군,15 - 29세,'19하,40.4
강원도,양구군,강원도-양구군,15 - 29세,'20상,32.5
강원도,양구군,강원도-양구군,15 - 29세,'20하,38.9
강원도,양구군,강원도-양구군,15 - 29세,'21상,39.6
강원도,양구군,강원도-양구군,15 - 29세,'21하,46
강원도,양구군,강원도-양구군,15 - 29세,'22상,38.9
강원도,인제군,강원도-인제군,15 - 29세,'18상,41
강원도,인제군,강원도-인제군,15 - 29세,'18하,42
강원도,인제군,강원도-인제군,15 - 29세,'19상,49.4
강원도,인제군,강원도-인제군,15 - 29세,'19하,48.5
강원도,인제군,강원도-인제군,15 - 29세,'20상,53.1
강원도,인제군,강원도-인제군,15 - 29세,'20하,52.3
강원도,인제군,강원도-인제군,15 - 29세,'21상,48.2
강원도,인제군,강원도-인제군,15 - 29세,'21하,46
강원도,인제군,강원도-인제군,15 - 29세,'22상,50.2
강원도,고성군,강원도-고성군,15 - 29세,'18상,29.2
강원도,고성군,강원도-고성군,15 - 29세,'18하,43.9
강원도,고성군,강원도-고성군,15 - 29세,'19상,45.2
강원도,고성군,강원도-고성군,15 - 29세,'19하,34.3
강원도,고성군,강원도-고성군,15 - 29세,'20상,35.8
강원도,고성군,강원도-고성군,15 - 29세,'20하,42.7
강원도,고성군,강원도-고성군,15 - 29세,'21상,40.6
강원도,고성군,강원도-고성군,15 - 29세,'21하,53.6
강원도,고성군,강원도-고성군,15 - 29세,'22상,60.9
강원도,양양군,강원도-양양군,15 - 29세,'18상,44.6
강원도,양양군,강원도-양양군,15 - 29세,'18하,45.7
강원도,양양군,강원도-양양군,15 - 29세,'19상,46.8
강원도,양양군,강원도-양양군,15 - 29세,'19하,49.7
강원도,양양군,강원도-양양군,15 - 29세,'20상,44.7
강원도,양양군,강원도-양양군,15 - 29세,'20하,43.9
강원도,양양군,강원도-양양군,15 - 29세,'21상,41.6
강원도,양양군,강원도-양양군,15 - 29세,'21하,56.5
강원도,양양군,강원도-양양군,15 - 29세,'22상,55.3
충청북도,청주시,충청북도-청주시,15 - 29세,'18상,41.9
충청북도,청주시,충청북도-청주시,15 - 29세,'18하,44.2
충청북도,청주시,충청북도-청주시,15 - 29세,'19상,43.1
충청북도,청주시,충청북도-청주시,15 - 29세,'19하,43
충청북도,청주시,충청북도-청주시,15 - 29세,'20상,42.6
충청북도,청주시,충청북도-청주시,15 - 29세,'20하,43.7
충청북도,청주시,충청북도-청주시,15 - 29세,'21상,45.6
충청북도,청주시,충청북도-청주시,15 - 29세,'21하,46.4
충청북도,청주시,충청북도-청주시,15 - 29세,'22상,48.7
충청북도,충주시,충청북도-충주시,15 - 29세,'18상,32.5
충청북도,충주시,충청북도-충주시,15 - 29세,'18하,31.1
충청북도,충주시,충청북도-충주시,15 - 29세,'19상,29.1
충청북도,충주시,충청북도-충주시,15 - 29세,'19하,36.3
충청북도,충주시,충청북도-충주시,15 - 29세,'20상,30.6
충청북도,충주시,충청북도-충주시,15 - 29세,'20하,31.5
충청북도,충주시,충청북도-충주시,15 - 29세,'21상,32.1
충청북도,충주시,충청북도-충주시,15 - 29세,'21하,36.5
충청북도,충주시,충청북도-충주시,15 - 29세,'22상,34.2
충청북도,제천시,충청북도-제천시,15 - 29세,'18상,33
충청북도,제천시,충청북도-제천시,15 - 29세,'18하,34.9
충청북도,제천시,충청북도-제천시,15 - 29세,'19상,36.2
충청북도,제천시,충청북도-제천시,15 - 29세,'19하,38.6
충청북도,제천시,충청북도-제천시,15 - 29세,'20상,35.9
충청북도,제천시,충청북도-제천시,15 - 29세,'20하,31.9
충청북도,제천시,충청북도-제천시,15 - 29세,'21상,33.5
충청북도,제천시,충청북도-제천시,15 - 29세,'21하,35.1
충청북도,제천시,충청북도-제천시,15 - 29세,'22상,35.5
충청북도,보은군,충청북도-보은군,15 - 29세,'18상,33.7
충청북도,보은군,충청북도-보은군,15 - 29세,'18하,38.7
충청북도,보은군,충청북도-보은군,15 - 29세,'19상,42.2
충청북도,보은군,충청북도-보은군,15 - 29세,'19하,43.9
충청북도,보은군,충청북도-보은군,15 - 29세,'20상,40.2
충청북도,보은군,충청북도-보은군,15 - 29세,'20하,39.9
충청북도,보은군,충청북도-보은군,15 - 29세,'21상,47.2
충청북도,보은군,충청북도-보은군,15 - 29세,'21하,47.6
충청북도,보은군,충청북도-보은군,15 - 29세,'22상,41.7
충청북도,옥천군,충청북도-옥천군,15 - 29세,'18상,37.8
충청북도,옥천군,충청북도-옥천군,15 - 29세,'18하,40.4
충청북도,옥천군,충청북도-옥천군,15 - 29세,'19상,43.3
충청북도,옥천군,충청북도-옥천군,15 - 29세,'19하,39.3
충청북도,옥천군,충청북도-옥천군,15 - 29세,'20상,39.6
충청북도,옥천군,충청북도-옥천군,15 - 29세,'20하,31.6
충청북도,옥천군,충청북도-옥천군,15 - 29세,'21상,35.1
충청북도,옥천군,충청북도-옥천군,15 - 29세,'21하,38.7
충청북도,옥천군,충청북도-옥천군,15 - 29세,'22상,42.6
충청북도,영동군,충청북도-영동군,15 - 29세,'18상,23.8
충청북도,영동군,충청북도-영동군,15 - 29세,'18하,23.6
충청북도,영동군,충청북도-영동군,15 - 29세,'19상,26
충청북도,영동군,충청북도-영동군,15 - 29세,'19하,20.3
충청북도,영동군,충청북도-영동군,15 - 29세,'20상,17.4
충청북도,영동군,충청북도-영동군,15 - 29세,'20하,23.2
충청북도,영동군,충청북도-영동군,15 - 29세,'21상,26.3
충청북도,영동군,충청북도-영동군,15 - 29세,'21하,29.8
충청북도,영동군,충청북도-영동군,15 - 29세,'22상,33.9
충청북도,진천군,충청북도-진천군,15 - 29세,'18상,44.8
충청북도,진천군,충청북도-진천군,15 - 29세,'18하,47.4
충청북도,진천군,충청북도-진천군,15 - 29세,'19상,47.1
충청북도,진천군,충청북도-진천군,15 - 29세,'19하,43.7
충청북도,진천군,충청북도-진천군,15 - 29세,'20상,43.7
충청북도,진천군,충청북도-진천군,15 - 29세,'20하,47.3
충청북도,진천군,충청북도-진천군,15 - 29세,'21상,50.4
충청북도,진천군,충청북도-진천군,15 - 29세,'21하,49.2
충청북도,진천군,충청북도-진천군,15 - 29세,'22상,49.2
충청북도,괴산군,충청북도-괴산군,15 - 29세,'18상,35.3
충청북도,괴산군,충청북도-괴산군,15 - 29세,'18하,31.8
충청북도,괴산군,충청북도-괴산군,15 - 29세,'19상,36.6
충청북도,괴산군,충청북도-괴산군,15 - 29세,'19하,40
충청북도,괴산군,충청북도-괴산군,15 - 29세,'20상,39.9
충청북도,괴산군,충청북도-괴산군,15 - 29세,'20하,34
충청북도,괴산군,충청북도-괴산군,15 - 29세,'21상,37.4
충청북도,괴산군,충청북도-괴산군,15 - 29세,'21하,33.4
충청북도,괴산군,충청북도-괴산군,15 - 29세,'22상,29.2
충청북도,음성군,충청북도-음성군,15 - 29세,'18상,50
충청북도,음성군,충청북도-음성군,15 - 29세,'18하,46
충청북도,음성군,충청북도-음성군,15 - 29세,'19상,54
충청북도,음성군,충청북도-음성군,15 - 29세,'19하,51.8
충청북도,음성군,충청북도-음성군,15 - 29세,'20상,54.4
충청북도,음성군,충청북도-음성군,15 - 29세,'20하,52.5
충청북도,음성군,충청북도-음성군,15 - 29세,'21상,58.3
충청북도,음성군,충청북도-음성군,15 - 29세,'21하,58
충청북도,음성군,충청북도-음성군,15 - 29세,'22상,52.4
충청북도,단양군,충청북도-단양군,15 - 29세,'18상,38.9
충청북도,단양군,충청북도-단양군,15 - 29세,'18하,44.4
충청북도,단양군,충청북도-단양군,15 - 29세,'19상,43.4
충청북도,단양군,충청북도-단양군,15 - 29세,'19하,39.7
충청북도,단양군,충청북도-단양군,15 - 29세,'20상,38.4
충청북도,단양군,충청북도-단양군,15 - 29세,'20하,42.1
충청북도,단양군,충청북도-단양군,15 - 29세,'21상,39.6
충청북도,단양군,충청북도-단양군,15 - 29세,'21하,39.2
충청북도,단양군,충청북도-단양군,15 - 29세,'22상,41
충청북도,증평군,충청북도-증평군,15 - 29세,'18상,41.9
충청북도,증평군,충청북도-증평군,15 - 29세,'18하,38.4
충청북도,증평군,충청북도-증평군,15 - 29세,'19상,40.6
충청북도,증평군,충청북도-증평군,15 - 29세,'19하,42.5
충청북도,증평군,충청북도-증평군,15 - 29세,'20상,35.8
충청북도,증평군,충청북도-증평군,15 - 29세,'20하,39
충청북도,증평군,충청북도-증평군,15 - 29세,'21상,42.7
충청북도,증평군,충청북도-증평군,15 - 29세,'21하,41.1
충청북도,증평군,충청북도-증평군,15 - 29세,'22상,46.9
충청남도,천안시,충청남도-천안시,15 - 29세,'18상,39.8
충청남도,천안시,충청남도-천안시,15 - 29세,'18하,42.4
충청남도,천안시,충청남도-천안시,15 - 29세,'19상,46.9
충청남도,천안시,충청남도-천안시,15 - 29세,'19하,47.1
충청남도,천안시,충청남도-천안시,15 - 29세,'20상,43.6
충청남도,천안시,충청남도-천안시,15 - 29세,'20하,45.4
충청남도,천안시,충청남도-천안시,15 - 29세,'21상,43.2
충청남도,천안시,충청남도-천안시,15 - 29세,'21하,44.7
충청남도,천안시,충청남도-천안시,15 - 29세,'22상,44.9
충청남도,공주시,충청남도-공주시,15 - 29세,'18상,42
충청남도,공주시,충청남도-공주시,15 - 29세,'18하,37.2
충청남도,공주시,충청남도-공주시,15 - 29세,'19상,38.3
충청남도,공주시,충청남도-공주시,15 - 29세,'19하,43.2
충청남도,공주시,충청남도-공주시,15 - 29세,'20상,35.9
충청남도,공주시,충청남도-공주시,15 - 29세,'20하,36.1
충청남도,공주시,충청남도-공주시,15 - 29세,'21상,34.1
충청남도,공주시,충청남도-공주시,15 - 29세,'21하,33.1
충청남도,공주시,충청남도-공주시,15 - 29세,'22상,34.5
충청남도,보령시,충청남도-보령시,15 - 29세,'18상,38.8
충청남도,보령시,충청남도-보령시,15 - 29세,'18하,43.9
충청남도,보령시,충청남도-보령시,15 - 29세,'19상,47.8
충청남도,보령시,충청남도-보령시,15 - 29세,'19하,43.5
충청남도,보령시,충청남도-보령시,15 - 29세,'20상,43
충청남도,보령시,충청남도-보령시,15 - 29세,'20하,41
충청남도,보령시,충청남도-보령시,15 - 29세,'21상,39.7
충청남도,보령시,충청남도-보령시,15 - 29세,'21하,44.7
충청남도,보령시,충청남도-보령시,15 - 29세,'22상,52
충청남도,아산시,충청남도-아산시,15 - 29세,'18상,38.7
충청남도,아산시,충청남도-아산시,15 - 29세,'18하,40.2
충청남도,아산시,충청남도-아산시,15 - 29세,'19상,39
충청남도,아산시,충청남도-아산시,15 - 29세,'19하,39.1
충청남도,아산시,충청남도-아산시,15 - 29세,'20상,41.6
충청남도,아산시,충청남도-아산시,15 - 29세,'20하,42
충청남도,아산시,충청남도-아산시,15 - 29세,'21상,40.1
충청남도,아산시,충청남도-아산시,15 - 29세,'21하,35.3
충청남도,아산시,충청남도-아산시,15 - 29세,'22상,42.3
충청남도,서산시,충청남도-서산시,15 - 29세,'18상,42.3
충청남도,서산시,충청남도-서산시,15 - 29세,'18하,45.1
충청남도,서산시,충청남도-서산시,15 - 29세,'19상,45.9
충청남도,서산시,충청남도-서산시,15 - 29세,'19하,49.7
충청남도,서산시,충청남도-서산시,15 - 29세,'20상,46.8
충청남도,서산시,충청남도-서산시,15 - 29세,'20하,45
충청남도,서산시,충청남도-서산시,15 - 29세,'21상,47.7
충청남도,서산시,충청남도-서산시,15 - 29세,'21하,47.4
충청남도,서산시,충청남도-서산시,15 - 29세,'22상,44.3
충청남도,논산시,충청남도-논산시,15 - 29세,'18상,41.1
충청남도,논산시,충청남도-논산시,15 - 29세,'18하,40
충청남도,논산시,충청남도-논산시,15 - 29세,'19상,39.9
충청남도,논산시,충청남도-논산시,15 - 29세,'19하,39.5
충청남도,논산시,충청남도-논산시,15 - 29세,'20상,32.5
충청남도,논산시,충청남도-논산시,15 - 29세,'20하,32.1
충청남도,논산시,충청남도-논산시,15 - 29세,'21상,38
충청남도,논산시,충청남도-논산시,15 - 29세,'21하,39.4
충청남도,논산시,충청남도-논산시,15 - 29세,'22상,41.3
충청남도,계룡시,충청남도-계룡시,15 - 29세,'18상,27.9
충청남도,계룡시,충청남도-계룡시,15 - 29세,'18하,24.2
충청남도,계룡시,충청남도-계룡시,15 - 29세,'19상,25.8
충청남도,계룡시,충청남도-계룡시,15 - 29세,'19하,22.1
충청남도,계룡시,충청남도-계룡시,15 - 29세,'20상,20.2
충청남도,계룡시,충청남도-계룡시,15 - 29세,'20하,22.3
충청남도,계룡시,충청남도-계룡시,15 - 29세,'21상,24.4
충청남도,계룡시,충청남도-계룡시,15 - 29세,'21하,23.1
충청남도,계룡시,충청남도-계룡시,15 - 29세,'22상,27.5
충청남도,당진시,충청남도-당진시,15 - 29세,'18상,42.8
충청남도,당진시,충청남도-당진시,15 - 29세,'18하,44.8
충청남도,당진시,충청남도-당진시,15 - 29세,'19상,44.8
충청남도,당진시,충청남도-당진시,15 - 29세,'19하,49.6
충청남도,당진시,충청남도-당진시,15 - 29세,'20상,44.9
충청남도,당진시,충청남도-당진시,15 - 29세,'20하,43.3
충청남도,당진시,충청남도-당진시,15 - 29세,'21상,43.6
충청남도,당진시,충청남도-당진시,15 - 29세,'21하,41.2
충청남도,당진시,충청남도-당진시,15 - 29세,'22상,42.2
충청남도,금산군,충청남도-금산군,15 - 29세,'18상,40.8
충청남도,금산군,충청남도-금산군,15 - 29세,'18하,36.8
충청남도,금산군,충청남도-금산군,15 - 29세,'19상,40.3
충청남도,금산군,충청남도-금산군,15 - 29세,'19하,28
충청남도,금산군,충청남도-금산군,15 - 29세,'20상,27.4
충청남도,금산군,충청남도-금산군,15 - 29세,'20하,35.7
충청남도,금산군,충청남도-금산군,15 - 29세,'21상,42.6
충청남도,금산군,충청남도-금산군,15 - 29세,'21하,41.9
충청남도,금산군,충청남도-금산군,15 - 29세,'22상,39
충청남도,부여군,충청남도-부여군,15 - 29세,'18상,31.9
충청남도,부여군,충청남도-부여군,15 - 29세,'18하,34.3
충청남도,부여군,충청남도-부여군,15 - 29세,'19상,35.2
충청남도,부여군,충청남도-부여군,15 - 29세,'19하,36.7
충청남도,부여군,충청남도-부여군,15 - 29세,'20상,28.6
충청남도,부여군,충청남도-부여군,15 - 29세,'20하,30.5
충청남도,부여군,충청남도-부여군,15 - 29세,'21상,35.5
충청남도,부여군,충청남도-부여군,15 - 29세,'21하,43.2
충청남도,부여군,충청남도-부여군,15 - 29세,'22상,44.6
충청남도,서천군,충청남도-서천군,15 - 29세,'18상,37.5
충청남도,서천군,충청남도-서천군,15 - 29세,'18하,45.5
충청남도,서천군,충청남도-서천군,15 - 29세,'19상,46.4
충청남도,서천군,충청남도-서천군,15 - 29세,'19하,47.7
충청남도,서천군,충청남도-서천군,15 - 29세,'20상,43.1
충청남도,서천군,충청남도-서천군,15 - 29세,'20하,43.3
충청남도,서천군,충청남도-서천군,15 - 29세,'21상,33.3
충청남도,서천군,충청남도-서천군,15 - 29세,'21하,51.9
충청남도,서천군,충청남도-서천군,15 - 29세,'22상,50.9
충청남도,청양군,충청남도-청양군,15 - 29세,'18상,40.5
충청남도,청양군,충청남도-청양군,15 - 29세,'18하,47.3
충청남도,청양군,충청남도-청양군,15 - 29세,'19상,40.8
충청남도,청양군,충청남도-청양군,15 - 29세,'19하,49.5
충청남도,청양군,충청남도-청양군,15 - 29세,'20상,43.9
충청남도,청양군,충청남도-청양군,15 - 29세,'20하,39.2
충청남도,청양군,충청남도-청양군,15 - 29세,'21상,42.4
충청남도,청양군,충청남도-청양군,15 - 29세,'21하,53.4
충청남도,청양군,충청남도-청양군,15 - 29세,'22상,43.6
충청남도,홍성군,충청남도-홍성군,15 - 29세,'18상,35
충청남도,홍성군,충청남도-홍성군,15 - 29세,'18하,28.2
충청남도,홍성군,충청남도-홍성군,15 - 29세,'19상,34.9
충청남도,홍성군,충청남도-홍성군,15 - 29세,'19하,32.6
충청남도,홍성군,충청남도-홍성군,15 - 29세,'20상,24.9
충청남도,홍성군,충청남도-홍성군,15 - 29세,'20하,26.9
충청남도,홍성군,충청남도-홍성군,15 - 29세,'21상,33.7
충청남도,홍성군,충청남도-홍성군,15 - 29세,'21하,38.3
충청남도,홍성군,충청남도-홍성군,15 - 29세,'22상,40.1
충청남도,예산군,충청남도-예산군,15 - 29세,'18상,36.7
충청남도,예산군,충청남도-예산군,15 - 29세,'18하,38.2
충청남도,예산군,충청남도-예산군,15 - 29세,'19상,34
충청남도,예산군,충청남도-예산군,15 - 29세,'19하,41
충청남도,예산군,충청남도-예산군,15 - 29세,'20상,40.7
충청남도,예산군,충청남도-예산군,15 - 29세,'20하,40.6
충청남도,예산군,충청남도-예산군,15 - 29세,'21상,38
충청남도,예산군,충청남도-예산군,15 - 29세,'21하,41.4
충청남도,예산군,충청남도-예산군,15 - 29세,'22상,46.5
충청남도,태안군,충청남도-태안군,15 - 29세,'18상,39.1
충청남도,태안군,충청남도-태안군,15 - 29세,'18하,42.7
충청남도,태안군,충청남도-태안군,15 - 29세,'19상,44.8
충청남도,태안군,충청남도-태안군,15 - 29세,'19하,46.2
충청남도,태안군,충청남도-태안군,15 - 29세,'20상,47.9
충청남도,태안군,충청남도-태안군,15 - 29세,'20하,45.7
충청남도,태안군,충청남도-태안군,15 - 29세,'21상,40
충청남도,태안군,충청남도-태안군,15 - 29세,'21하,45.2
충청남도,태안군,충청남도-태안군,15 - 29세,'22상,41.2
전라북도,전주시,전라북도-전주시,15 - 29세,'18상,26.9
전라북도,전주시,전라북도-전주시,15 - 29세,'18하,30.4
전라북도,전주시,전라북도-전주시,15 - 29세,'19상,31.4
전라북도,전주시,전라북도-전주시,15 - 29세,'19하,33
전라북도,전주시,전라북도-전주시,15 - 29세,'20상,28.7
전라북도,전주시,전라북도-전주시,15 - 29세,'20하,30.3
전라북도,전주시,전라북도-전주시,15 - 29세,'21상,32
전라북도,전주시,전라북도-전주시,15 - 29세,'21하,37.1
전라북도,전주시,전라북도-전주시,15 - 29세,'22상,35.3
전라북도,군산시,전라북도-군산시,15 - 29세,'18상,26.4
전라북도,군산시,전라북도-군산시,15 - 29세,'18하,27.5
전라북도,군산시,전라북도-군산시,15 - 29세,'19상,31.1
전라북도,군산시,전라북도-군산시,15 - 29세,'19하,29.4
전라북도,군산시,전라북도-군산시,15 - 29세,'20상,26.2
전라북도,군산시,전라북도-군산시,15 - 29세,'20하,26.3
전라북도,군산시,전라북도-군산시,15 - 29세,'21상,31.8
전라북도,군산시,전라북도-군산시,15 - 29세,'21하,31.3
전라북도,군산시,전라북도-군산시,15 - 29세,'22상,28.6
전라북도,익산시,전라북도-익산시,15 - 29세,'18상,25.2
전라북도,익산시,전라북도-익산시,15 - 29세,'18하,30.8
전라북도,익산시,전라북도-익산시,15 - 29세,'19상,27.9
전라북도,익산시,전라북도-익산시,15 - 29세,'19하,27.4
전라북도,익산시,전라북도-익산시,15 - 29세,'20상,28.4
전라북도,익산시,전라북도-익산시,15 - 29세,'20하,29
전라북도,익산시,전라북도-익산시,15 - 29세,'21상,25.7
전라북도,익산시,전라북도-익산시,15 - 29세,'21하,30.1
전라북도,익산시,전라북도-익산시,15 - 29세,'22상,30.7
전라북도,정읍시,전라북도-정읍시,15 - 29세,'18상,26.7
전라북도,정읍시,전라북도-정읍시,15 - 29세,'18하,31.5
전라북도,정읍시,전라북도-정읍시,15 - 29세,'19상,32.5
전라북도,정읍시,전라북도-정읍시,15 - 29세,'19하,35.8
전라북도,정읍시,전라북도-정읍시,15 - 29세,'20상,32.1
전라북도,정읍시,전라북도-정읍시,15 - 29세,'20하,35.9
전라북도,정읍시,전라북도-정읍시,15 - 29세,'21상,37.9
전라북도,정읍시,전라북도-정읍시,15 - 29세,'21하,34.2
전라북도,정읍시,전라북도-정읍시,15 - 29세,'22상,35.5
전라북도,남원시,전라북도-남원시,15 - 29세,'18상,31.2
전라북도,남원시,전라북도-남원시,15 - 29세,'18하,37.5
전라북도,남원시,전라북도-남원시,15 - 29세,'19상,33.4
전라북도,남원시,전라북도-남원시,15 - 29세,'19하,37.8
전라북도,남원시,전라북도-남원시,15 - 29세,'20상,32.4
전라북도,남원시,전라북도-남원시,15 - 29세,'20하,37.3
전라북도,남원시,전라북도-남원시,15 - 29세,'21상,36
전라북도,남원시,전라북도-남원시,15 - 29세,'21하,31.6
전라북도,남원시,전라북도-남원시,15 - 29세,'22상,33.8
전라북도,김제시,전라북도-김제시,15 - 29세,'18상,31.7
전라북도,김제시,전라북도-김제시,15 - 29세,'18하,31.2
전라북도,김제시,전라북도-김제시,15 - 29세,'19상,34.3
전라북도,김제시,전라북도-김제시,15 - 29세,'19하,30.1
전라북도,김제시,전라북도-김제시,15 - 29세,'20상,29.5
전라북도,김제시,전라북도-김제시,15 - 29세,'20하,33.8
전라북도,김제시,전라북도-김제시,15 - 29세,'21상,34
전라북도,김제시,전라북도-김제시,15 - 29세,'21하,30.9
전라북도,김제시,전라북도-김제시,15 - 29세,'22상,32.9
전라북도,완주군,전라북도-완주군,15 - 29세,'18상,26.8
전라북도,완주군,전라북도-완주군,15 - 29세,'18하,28.3
전라북도,완주군,전라북도-완주군,15 - 29세,'19상,26.6
전라북도,완주군,전라북도-완주군,15 - 29세,'19하,25.5
전라북도,완주군,전라북도-완주군,15 - 29세,'20상,26.9
전라북도,완주군,전라북도-완주군,15 - 29세,'20하,29.5
전라북도,완주군,전라북도-완주군,15 - 29세,'21상,28.4
전라북도,완주군,전라북도-완주군,15 - 29세,'21하,26.7
전라북도,완주군,전라북도-완주군,15 - 29세,'22상,27.8
전라북도,진안군,전라북도-진안군,15 - 29세,'18상,46.2
전라북도,진안군,전라북도-진안군,15 - 29세,'18하,43.9
전라북도,진안군,전라북도-진안군,15 - 29세,'19상,47
전라북도,진안군,전라북도-진안군,15 - 29세,'19하,42.3
전라북도,진안군,전라북도-진안군,15 - 29세,'20상,36
전라북도,진안군,전라북도-진안군,15 - 29세,'20하,37.2
전라북도,진안군,전라북도-진안군,15 - 29세,'21상,40.8
전라북도,진안군,전라북도-진안군,15 - 29세,'21하,39.5
전라북도,진안군,전라북도-진안군,15 - 29세,'22상,41.7
전라북도,무주군,전라북도-무주군,15 - 29세,'18상,31.4
전라북도,무주군,전라북도-무주군,15 - 29세,'18하,40.2
전라북도,무주군,전라북도-무주군,15 - 29세,'19상,50.6
전라북도,무주군,전라북도-무주군,15 - 29세,'19하,44.1
전라북도,무주군,전라북도-무주군,15 - 29세,'20상,49.7
전라북도,무주군,전라북도-무주군,15 - 29세,'20하,40.8
전라북도,무주군,전라북도-무주군,15 - 29세,'21상,45.8
전라북도,무주군,전라북도-무주군,15 - 29세,'21하,42.7
전라북도,무주군,전라북도-무주군,15 - 29세,'22상,38
전라북도,장수군,전라북도-장수군,15 - 29세,'18상,43.3
전라북도,장수군,전라북도-장수군,15 - 29세,'18하,46.3
전라북도,장수군,전라북도-장수군,15 - 29세,'19상,40.7
전라북도,장수군,전라북도-장수군,15 - 29세,'19하,39.1
전라북도,장수군,전라북도-장수군,15 - 29세,'20상,33.4
전라북도,장수군,전라북도-장수군,15 - 29세,'20하,41
전라북도,장수군,전라북도-장수군,15 - 29세,'21상,37.3
전라북도,장수군,전라북도-장수군,15 - 29세,'21하,36.5
전라북도,장수군,전라북도-장수군,15 - 29세,'22상,40.1
전라북도,임실군,전라북도-임실군,15 - 29세,'18상,35.1
전라북도,임실군,전라북도-임실군,15 - 29세,'18하,34.8
전라북도,임실군,전라북도-임실군,15 - 29세,'19상,38.3
전라북도,임실군,전라북도-임실군,15 - 29세,'19하,41.3
전라북도,임실군,전라북도-임실군,15 - 29세,'20상,34.9
전라북도,임실군,전라북도-임실군,15 - 29세,'20하,32.8
전라북도,임실군,전라북도-임실군,15 - 29세,'21상,36.5
전라북도,임실군,전라북도-임실군,15 - 29세,'21하,39.8
전라북도,임실군,전라북도-임실군,15 - 29세,'22상,30.4
전라북도,순창군,전라북도-순창군,15 - 29세,'18상,26
전라북도,순창군,전라북도-순창군,15 - 29세,'18하,26
전라북도,순창군,전라북도-순창군,15 - 29세,'19상,27.5
전라북도,순창군,전라북도-순창군,15 - 29세,'19하,38.8
전라북도,순창군,전라북도-순창군,15 - 29세,'20상,34.7
전라북도,순창군,전라북도-순창군,15 - 29세,'20하,37.1
전라북도,순창군,전라북도-순창군,15 - 29세,'21상,31.8
전라북도,순창군,전라북도-순창군,15 - 29세,'21하,38
전라북도,순창군,전라북도-순창군,15 - 29세,'22상,31.2
전라북도,고창군,전라북도-고창군,15 - 29세,'18상,38.9
전라북도,고창군,전라북도-고창군,15 - 29세,'18하,41.3
전라북도,고창군,전라북도-고창군,15 - 29세,'19상,43.4
전라북도,고창군,전라북도-고창군,15 - 29세,'19하,36.9
전라북도,고창군,전라북도-고창군,15 - 29세,'20상,25.6
전라북도,고창군,전라북도-고창군,15 - 29세,'20하,30.5
전라북도,고창군,전라북도-고창군,15 - 29세,'21상,35.1
전라북도,고창군,전라북도-고창군,15 - 29세,'21하,33.2
전라북도,고창군,전라북도-고창군,15 - 29세,'22상,36
전라북도,부안군,전라북도-부안군,15 - 29세,'18상,36.8
전라북도,부안군,전라북도-부안군,15 - 29세,'18하,30.2
전라북도,부안군,전라북도-부안군,15 - 29세,'19상,39.4
전라북도,부안군,전라북도-부안군,15 - 29세,'19하,43.7
전라북도,부안군,전라북도-부안군,15 - 29세,'20상,42.6
전라북도,부안군,전라북도-부안군,15 - 29세,'20하,43.1
전라북도,부안군,전라북도-부안군,15 - 29세,'21상,36.4
전라북도,부안군,전라북도-부안군,15 - 29세,'21하,29.2
전라북도,부안군,전라북도-부안군,15 - 29세,'22상,31.8
전라남도,목포시,전라남도-목포시,15 - 29세,'18상,27.7
전라남도,목포시,전라남도-목포시,15 - 29세,'18하,24.8
전라남도,목포시,전라남도-목포시,15 - 29세,'19상,24.3
전라남도,목포시,전라남도-목포시,15 - 29세,'19하,26.9
전라남도,목포시,전라남도-목포시,15 - 29세,'20상,26.7
전라남도,목포시,전라남도-목포시,15 - 29세,'20하,29.6
전라남도,목포시,전라남도-목포시,15 - 29세,'21상,31
전라남도,목포시,전라남도-목포시,15 - 29세,'21하,29
전라남도,목포시,전라남도-목포시,15 - 29세,'22상,34.5
전라남도,여수시,전라남도-여수시,15 - 29세,'18상,33.3
전라남도,여수시,전라남도-여수시,15 - 29세,'18하,38.5
전라남도,여수시,전라남도-여수시,15 - 29세,'19상,38.9
전라남도,여수시,전라남도-여수시,15 - 29세,'19하,40.6
전라남도,여수시,전라남도-여수시,15 - 29세,'20상,38.4
전라남도,여수시,전라남도-여수시,15 - 29세,'20하,39.5
전라남도,여수시,전라남도-여수시,15 - 29세,'21상,35.7
전라남도,여수시,전라남도-여수시,15 - 29세,'21하,40.8
전라남도,여수시,전라남도-여수시,15 - 29세,'22상,40.8
전라남도,순천시,전라남도-순천시,15 - 29세,'18상,34
전라남도,순천시,전라남도-순천시,15 - 29세,'18하,36.9
전라남도,순천시,전라남도-순천시,15 - 29세,'19상,36.5
전라남도,순천시,전라남도-순천시,15 - 29세,'19하,37.3
전라남도,순천시,전라남도-순천시,15 - 29세,'20상,34.8
전라남도,순천시,전라남도-순천시,15 - 29세,'20하,34.6
전라남도,순천시,전라남도-순천시,15 - 29세,'21상,31.8
전라남도,순천시,전라남도-순천시,15 - 29세,'21하,33.2
전라남도,순천시,전라남도-순천시,15 - 29세,'22상,34.8
전라남도,나주시,전라남도-나주시,15 - 29세,'18상,32.7
전라남도,나주시,전라남도-나주시,15 - 29세,'18하,39.7
전라남도,나주시,전라남도-나주시,15 - 29세,'19상,38.7
전라남도,나주시,전라남도-나주시,15 - 29세,'19하,37.4
전라남도,나주시,전라남도-나주시,15 - 29세,'20상,31.4
전라남도,나주시,전라남도-나주시,15 - 29세,'20하,31.6
전라남도,나주시,전라남도-나주시,15 - 29세,'21상,34
전라남도,나주시,전라남도-나주시,15 - 29세,'21하,41.8
전라남도,나주시,전라남도-나주시,15 - 29세,'22상,35.4
전라남도,광양시,전라남도-광양시,15 - 29세,'18상,32.9
전라남도,광양시,전라남도-광양시,15 - 29세,'18하,37.6
전라남도,광양시,전라남도-광양시,15 - 29세,'19상,39.7
전라남도,광양시,전라남도-광양시,15 - 29세,'19하,38.3
전라남도,광양시,전라남도-광양시,15 - 29세,'20상,40.2
전라남도,광양시,전라남도-광양시,15 - 29세,'20하,39.5
전라남도,광양시,전라남도-광양시,15 - 29세,'21상,41.1
전라남도,광양시,전라남도-광양시,15 - 29세,'21하,40.7
전라남도,광양시,전라남도-광양시,15 - 29세,'22상,43
전라남도,담양군,전라남도-담양군,15 - 29세,'18상,28.9
전라남도,담양군,전라남도-담양군,15 - 29세,'18하,27.2
전라남도,담양군,전라남도-담양군,15 - 29세,'19상,36.8
전라남도,담양군,전라남도-담양군,15 - 29세,'19하,36
전라남도,담양군,전라남도-담양군,15 - 29세,'20상,34.5
전라남도,담양군,전라남도-담양군,15 - 29세,'20하,35.9
전라남도,담양군,전라남도-담양군,15 - 29세,'21상,27.2
전라남도,담양군,전라남도-담양군,15 - 29세,'21하,35.7
전라남도,담양군,전라남도-담양군,15 - 29세,'22상,26
전라남도,곡성군,전라남도-곡성군,15 - 29세,'18상,35.9
전라남도,곡성군,전라남도-곡성군,15 - 29세,'18하,30
전라남도,곡성군,전라남도-곡성군,15 - 29세,'19상,40.1
전라남도,곡성군,전라남도-곡성군,15 - 29세,'19하,30.1
전라남도,곡성군,전라남도-곡성군,15 - 29세,'20상,24.4
전라남도,곡성군,전라남도-곡성군,15 - 29세,'20하,36.4
전라남도,곡성군,전라남도-곡성군,15 - 29세,'21상,30.8
전라남도,곡성군,전라남도-곡성군,15 - 29세,'21하,27.1
전라남도,곡성군,전라남도-곡성군,15 - 29세,'22상,35.7
전라남도,구례군,전라남도-구례군,15 - 29세,'18상,46.9
전라남도,구례군,전라남도-구례군,15 - 29세,'18하,42.3
전라남도,구례군,전라남도-구례군,15 - 29세,'19상,35.9
전라남도,구례군,전라남도-구례군,15 - 29세,'19하,40
전라남도,구례군,전라남도-구례군,15 - 29세,'20상,30.5
전라남도,구례군,전라남도-구례군,15 - 29세,'20하,38.8
전라남도,구례군,전라남도-구례군,15 - 29세,'21상,40.9
전라남도,구례군,전라남도-구례군,15 - 29세,'21하,38.5
전라남도,구례군,전라남도-구례군,15 - 29세,'22상,38.6
전라남도,고흥군,전라남도-고흥군,15 - 29세,'18상,51.8
전라남도,고흥군,전라남도-고흥군,15 - 29세,'18하,59.7
전라남도,고흥군,전라남도-고흥군,15 - 29세,'19상,52.6
전라남도,고흥군,전라남도-고흥군,15 - 29세,'19하,53.4
전라남도,고흥군,전라남도-고흥군,15 - 29세,'20상,58.1
전라남도,고흥군,전라남도-고흥군,15 - 29세,'20하,57.7
전라남도,고흥군,전라남도-고흥군,15 - 29세,'21상,52.9
전라남도,고흥군,전라남도-고흥군,15 - 29세,'21하,39.2
전라남도,고흥군,전라남도-고흥군,15 - 29세,'22상,46.8
전라남도,보성군,전라남도-보성군,15 - 29세,'18상,33.3
전라남도,보성군,전라남도-보성군,15 - 29세,'18하,37
전라남도,보성군,전라남도-보성군,15 - 29세,'19상,42.4
전라남도,보성군,전라남도-보성군,15 - 29세,'19하,43.3
전라남도,보성군,전라남도-보성군,15 - 29세,'20상,37.9
전라남도,보성군,전라남도-보성군,15 - 29세,'20하,40.8
전라남도,보성군,전라남도-보성군,15 - 29세,'21상,30.4
전라남도,보성군,전라남도-보성군,15 - 29세,'21하,33.2
전라남도,보성군,전라남도-보성군,15 - 29세,'22상,39.5
전라남도,화순군,전라남도-화순군,15 - 29세,'18상,28.5
전라남도,화순군,전라남도-화순군,15 - 29세,'18하,32.5
전라남도,화순군,전라남도-화순군,15 - 29세,'19상,28.6
전라남도,화순군,전라남도-화순군,15 - 29세,'19하,33.3
전라남도,화순군,전라남도-화순군,15 - 29세,'20상,25.7
전라남도,화순군,전라남도-화순군,15 - 29세,'20하,29.1
전라남도,화순군,전라남도-화순군,15 - 29세,'21상,29.1
전라남도,화순군,전라남도-화순군,15 - 29세,'21하,32.6
전라남도,화순군,전라남도-화순군,15 - 29세,'22상,29.4
전라남도,장흥군,전라남도-장흥군,15 - 29세,'18상,41.9
전라남도,장흥군,전라남도-장흥군,15 - 29세,'18하,37.5
전라남도,장흥군,전라남도-장흥군,15 - 29세,'19상,41.2
전라남도,장흥군,전라남도-장흥군,15 - 29세,'19하,52.3
전라남도,장흥군,전라남도-장흥군,15 - 29세,'20상,38.5
전라남도,장흥군,전라남도-장흥군,15 - 29세,'20하,37.8
전라남도,장흥군,전라남도-장흥군,15 - 29세,'21상,39.3
전라남도,장흥군,전라남도-장흥군,15 - 29세,'21하,38.3
전라남도,장흥군,전라남도-장흥군,15 - 29세,'22상,49.4
전라남도,강진군,전라남도-강진군,15 - 29세,'18상,37
전라남도,강진군,전라남도-강진군,15 - 29세,'18하,34.6
전라남도,강진군,전라남도-강진군,15 - 29세,'19상,39.4
전라남도,강진군,전라남도-강진군,15 - 29세,'19하,39.6
전라남도,강진군,전라남도-강진군,15 - 29세,'20상,39
전라남도,강진군,전라남도-강진군,15 - 29세,'20하,41.6
전라남도,강진군,전라남도-강진군,15 - 29세,'21상,34.7
전라남도,강진군,전라남도-강진군,15 - 29세,'21하,40.1
전라남도,강진군,전라남도-강진군,15 - 29세,'22상,43.7
전라남도,해남군,전라남도-해남군,15 - 29세,'18상,39.5
전라남도,해남군,전라남도-해남군,15 - 29세,'18하,41.1
전라남도,해남군,전라남도-해남군,15 - 29세,'19상,42.1
전라남도,해남군,전라남도-해남군,15 - 29세,'19하,51
전라남도,해남군,전라남도-해남군,15 - 29세,'20상,48.7
전라남도,해남군,전라남도-해남군,15 - 29세,'20하,50.1
전라남도,해남군,전라남도-해남군,15 - 29세,'21상,46.2
전라남도,해남군,전라남도-해남군,15 - 29세,'21하,47.5
전라남도,해남군,전라남도-해남군,15 - 29세,'22상,50.7
전라남도,영암군,전라남도-영암군,15 - 29세,'18상,32.2
전라남도,영암군,전라남도-영암군,15 - 29세,'18하,32
전라남도,영암군,전라남도-영암군,15 - 29세,'19상,31.1
전라남도,영암군,전라남도-영암군,15 - 29세,'19하,32.6
전라남도,영암군,전라남도-영암군,15 - 29세,'20상,31.1
전라남도,영암군,전라남도-영암군,15 - 29세,'20하,31.5
전라남도,영암군,전라남도-영암군,15 - 29세,'21상,40
전라남도,영암군,전라남도-영암군,15 - 29세,'21하,45.2
전라남도,영암군,전라남도-영암군,15 - 29세,'22상,41.7
전라남도,무안군,전라남도-무안군,15 - 29세,'18상,22.4
전라남도,무안군,전라남도-무안군,15 - 29세,'18하,21.9
전라남도,무안군,전라남도-무안군,15 - 29세,'19상,26.8
전라남도,무안군,전라남도-무안군,15 - 29세,'19하,27.8
전라남도,무안군,전라남도-무안군,15 - 29세,'20상,26.8
전라남도,무안군,전라남도-무안군,15 - 29세,'20하,23.2
전라남도,무안군,전라남도-무안군,15 - 29세,'21상,22.9
전라남도,무안군,전라남도-무안군,15 - 29세,'21하,22.3
전라남도,무안군,전라남도-무안군,15 - 29세,'22상,22.1
전라남도,함평군,전라남도-함평군,15 - 29세,'18상,39.5
전라남도,함평군,전라남도-함평군,15 - 29세,'18하,37.3
전라남도,함평군,전라남도-함평군,15 - 29세,'19상,38.9
전라남도,함평군,전라남도-함평군,15 - 29세,'19하,34.9
전라남도,함평군,전라남도-함평군,15 - 29세,'20상,29.2
전라남도,함평군,전라남도-함평군,15 - 29세,'20하,37.9
전라남도,함평군,전라남도-함평군,15 - 29세,'21상,41.7
전라남도,함평군,전라남도-함평군,15 - 29세,'21하,35.4
전라남도,함평군,전라남도-함평군,15 - 29세,'22상,41.5
전라남도,영광군,전라남도-영광군,15 - 29세,'18상,40.1
전라남도,영광군,전라남도-영광군,15 - 29세,'18하,38.4
전라남도,영광군,전라남도-영광군,15 - 29세,'19상,41.7
전라남도,영광군,전라남도-영광군,15 - 29세,'19하,42.4
전라남도,영광군,전라남도-영광군,15 - 29세,'20상,40.9
전라남도,영광군,전라남도-영광군,15 - 29세,'20하,38.6
전라남도,영광군,전라남도-영광군,15 - 29세,'21상,41.3
전라남도,영광군,전라남도-영광군,15 - 29세,'21하,40.5
전라남도,영광군,전라남도-영광군,15 - 29세,'22상,43.6
전라남도,장성군,전라남도-장성군,15 - 29세,'18상,32.3
전라남도,장성군,전라남도-장성군,15 - 29세,'18하,35.2
전라남도,장성군,전라남도-장성군,15 - 29세,'19상,39
전라남도,장성군,전라남도-장성군,15 - 29세,'19하,41.3
전라남도,장성군,전라남도-장성군,15 - 29세,'20상,35.6
전라남도,장성군,전라남도-장성군,15 - 29세,'20하,36.1
전라남도,장성군,전라남도-장성군,15 - 29세,'21상,35.6
전라남도,장성군,전라남도-장성군,15 - 29세,'21하,27.2
전라남도,장성군,전라남도-장성군,15 - 29세,'22상,33.1
전라남도,완도군,전라남도-완도군,15 - 29세,'18상,47.6
전라남도,완도군,전라남도-완도군,15 - 29세,'18하,55.4
전라남도,완도군,전라남도-완도군,15 - 29세,'19상,47.3
전라남도,완도군,전라남도-완도군,15 - 29세,'19하,52.3
전라남도,완도군,전라남도-완도군,15 - 29세,'20상,53
전라남도,완도군,전라남도-완도군,15 - 29세,'20하,54.5
전라남도,완도군,전라남도-완도군,15 - 29세,'21상,51.4
전라남도,완도군,전라남도-완도군,15 - 29세,'21하,52.2
전라남도,완도군,전라남도-완도군,15 - 29세,'22상,56.5
전라남도,진도군,전라남도-진도군,15 - 29세,'18상,42.8
전라남도,진도군,전라남도-진도군,15 - 29세,'18하,45.3
전라남도,진도군,전라남도-진도군,15 - 29세,'19상,50.5
전라남도,진도군,전라남도-진도군,15 - 29세,'19하,54.1
전라남도,진도군,전라남도-진도군,15 - 29세,'20상,52
전라남도,진도군,전라남도-진도군,15 - 29세,'20하,53.5
전라남도,진도군,전라남도-진도군,15 - 29세,'21상,52.6
전라남도,진도군,전라남도-진도군,15 - 29세,'21하,55.3
전라남도,진도군,전라남도-진도군,15 - 29세,'22상,49.7
전라남도,신안군,전라남도-신안군,15 - 29세,'18상,53.5
전라남도,신안군,전라남도-신안군,15 - 29세,'18하,55.3
전라남도,신안군,전라남도-신안군,15 - 29세,'19상,53.2
전라남도,신안군,전라남도-신안군,15 - 29세,'19하,56.1
전라남도,신안군,전라남도-신안군,15 - 29세,'20상,51.6
전라남도,신안군,전라남도-신안군,15 - 29세,'20하,48
전라남도,신안군,전라남도-신안군,15 - 29세,'21상,60.4
전라남도,신안군,전라남도-신안군,15 - 29세,'21하,71.8
전라남도,신안군,전라남도-신안군,15 - 29세,'22상,73.8
경상북도,포항시,경상북도-포항시,15 - 29세,'18상,41.2
경상북도,포항시,경상북도-포항시,15 - 29세,'18하,38.8
경상북도,포항시,경상북도-포항시,15 - 29세,'19상,40.3
경상북도,포항시,경상북도-포항시,15 - 29세,'19하,41.2
경상북도,포항시,경상북도-포항시,15 - 29세,'20상,32.1
경상북도,포항시,경상북도-포항시,15 - 29세,'20하,30.1
경상북도,포항시,경상북도-포항시,15 - 29세,'21상,32.7
경상북도,포항시,경상북도-포항시,15 - 29세,'21하,35
경상북도,포항시,경상북도-포항시,15 - 29세,'22상,36.1
경상북도,경주시,경상북도-경주시,15 - 29세,'18상,39.5
경상북도,경주시,경상북도-경주시,15 - 29세,'18하,36
경상북도,경주시,경상북도-경주시,15 - 29세,'19상,39.9
경상북도,경주시,경상북도-경주시,15 - 29세,'19하,42
경상북도,경주시,경상북도-경주시,15 - 29세,'20상,30.4
경상북도,경주시,경상북도-경주시,15 - 29세,'20하,37.3
경상북도,경주시,경상북도-경주시,15 - 29세,'21상,34.8
경상북도,경주시,경상북도-경주시,15 - 29세,'21하,36.5
경상북도,경주시,경상북도-경주시,15 - 29세,'22상,36.3
경상북도,김천시,경상북도-김천시,15 - 29세,'18상,26.4
경상북도,김천시,경상북도-김천시,15 - 29세,'18하,25.4
경상북도,김천시,경상북도-김천시,15 - 29세,'19상,27.8
경상북도,김천시,경상북도-김천시,15 - 29세,'19하,31.5
경상북도,김천시,경상북도-김천시,15 - 29세,'20상,26.2
경상북도,김천시,경상북도-김천시,15 - 29세,'20하,29.9
경상북도,김천시,경상북도-김천시,15 - 29세,'21상,35.5
경상북도,김천시,경상북도-김천시,15 - 29세,'21하,39.3
경상북도,김천시,경상북도-김천시,15 - 29세,'22상,39.4
경상북도,안동시,경상북도-안동시,15 - 29세,'18상,30.9
경상북도,안동시,경상북도-안동시,15 - 29세,'18하,32.9
경상북도,안동시,경상북도-안동시,15 - 29세,'19상,32.2
경상북도,안동시,경상북도-안동시,15 - 29세,'19하,30.6
경상북도,안동시,경상북도-안동시,15 - 29세,'20상,27.6
경상북도,안동시,경상북도-안동시,15 - 29세,'20하,27.9
경상북도,안동시,경상북도-안동시,15 - 29세,'21상,27.3
경상북도,안동시,경상북도-안동시,15 - 29세,'21하,30.8
경상북도,안동시,경상북도-안동시,15 - 29세,'22상,28.1
경상북도,구미시,경상북도-구미시,15 - 29세,'18상,41.8
경상북도,구미시,경상북도-구미시,15 - 29세,'18하,41.3
경상북도,구미시,경상북도-구미시,15 - 29세,'19상,38.3
경상북도,구미시,경상북도-구미시,15 - 29세,'19하,40.2
경상북도,구미시,경상북도-구미시,15 - 29세,'20상,33.2
경상북도,구미시,경상북도-구미시,15 - 29세,'20하,36.4
경상북도,구미시,경상북도-구미시,15 - 29세,'21상,35
경상북도,구미시,경상북도-구미시,15 - 29세,'21하,37.7
경상북도,구미시,경상북도-구미시,15 - 29세,'22상,41.3
경상북도,영주시,경상북도-영주시,15 - 29세,'18상,24
경상북도,영주시,경상북도-영주시,15 - 29세,'18하,22.2
경상북도,영주시,경상북도-영주시,15 - 29세,'19상,26.6
경상북도,영주시,경상북도-영주시,15 - 29세,'19하,26
경상북도,영주시,경상북도-영주시,15 - 29세,'20상,20
경상북도,영주시,경상북도-영주시,15 - 29세,'20하,24.2
경상북도,영주시,경상북도-영주시,15 - 29세,'21상,24.6
경상북도,영주시,경상북도-영주시,15 - 29세,'21하,27.5
경상북도,영주시,경상북도-영주시,15 - 29세,'22상,29.1
경상북도,영천시,경상북도-영천시,15 - 29세,'18상,40.9
경상북도,영천시,경상북도-영천시,15 - 29세,'18하,40.1
경상북도,영천시,경상북도-영천시,15 - 29세,'19상,42.6
경상북도,영천시,경상북도-영천시,15 - 29세,'19하,45.3
경상북도,영천시,경상북도-영천시,15 - 29세,'20상,39.8
경상북도,영천시,경상북도-영천시,15 - 29세,'20하,40.2
경상북도,영천시,경상북도-영천시,15 - 29세,'21상,41
경상북도,영천시,경상북도-영천시,15 - 29세,'21하,40.7
경상북도,영천시,경상북도-영천시,15 - 29세,'22상,32.8
경상북도,상주시,경상북도-상주시,15 - 29세,'18상,28.8
경상북도,상주시,경상북도-상주시,15 - 29세,'18하,37.8
경상북도,상주시,경상북도-상주시,15 - 29세,'19상,42.5
경상북도,상주시,경상북도-상주시,15 - 29세,'19하,36.6
경상북도,상주시,경상북도-상주시,15 - 29세,'20상,29.6
경상북도,상주시,경상북도-상주시,15 - 29세,'20하,28.7
경상북도,상주시,경상북도-상주시,15 - 29세,'21상,29.2
경상북도,상주시,경상북도-상주시,15 - 29세,'21하,32.8
경상북도,상주시,경상북도-상주시,15 - 29세,'22상,36.9
경상북도,문경시,경상북도-문경시,15 - 29세,'18상,29.1
경상북도,문경시,경상북도-문경시,15 - 29세,'18하,28.4
경상북도,문경시,경상북도-문경시,15 - 29세,'19상,31.4
경상북도,문경시,경상북도-문경시,15 - 29세,'19하,32.4
경상북도,문경시,경상북도-문경시,15 - 29세,'20상,23.5
경상북도,문경시,경상북도-문경시,15 - 29세,'20하,28.7
경상북도,문경시,경상북도-문경시,15 - 29세,'21상,25
경상북도,문경시,경상북도-문경시,15 - 29세,'21하,29.4
경상북도,문경시,경상북도-문경시,15 - 29세,'22상,25.7
경상북도,경산시,경상북도-경산시,15 - 29세,'18상,35.7
경상북도,경산시,경상북도-경산시,15 - 29세,'18하,38.7
경상북도,경산시,경상북도-경산시,15 - 29세,'19상,38.8
경상북도,경산시,경상북도-경산시,15 - 29세,'19하,35.4
경상북도,경산시,경상북도-경산시,15 - 29세,'20상,29.3
경상북도,경산시,경상북도-경산시,15 - 29세,'20하,30.8
경상북도,경산시,경상북도-경산시,15 - 29세,'21상,31.8
경상북도,경산시,경상북도-경산시,15 - 29세,'21하,34.4
경상북도,경산시,경상북도-경산시,15 - 29세,'22상,33.6
경상북도,군위군,경상북도-군위군,15 - 29세,'18상,51.5
경상북도,군위군,경상북도-군위군,15 - 29세,'18하,48.5
경상북도,군위군,경상북도-군위군,15 - 29세,'19상,42.5
경상북도,군위군,경상북도-군위군,15 - 29세,'19하,50.2
경상북도,군위군,경상북도-군위군,15 - 29세,'20상,35
경상북도,군위군,경상북도-군위군,15 - 29세,'20하,46.4
경상북도,군위군,경상북도-군위군,15 - 29세,'21상,44.8
경상북도,군위군,경상북도-군위군,15 - 29세,'21하,48.9
경상북도,군위군,경상북도-군위군,15 - 29세,'22상,47.3
경상북도,의성군,경상북도-의성군,15 - 29세,'18상,43.8
경상북도,의성군,경상북도-의성군,15 - 29세,'18하,38
경상북도,의성군,경상북도-의성군,15 - 29세,'19상,53.5
경상북도,의성군,경상북도-의성군,15 - 29세,'19하,46
경상북도,의성군,경상북도-의성군,15 - 29세,'20상,40.6
경상북도,의성군,경상북도-의성군,15 - 29세,'20하,37.8
경상북도,의성군,경상북도-의성군,15 - 29세,'21상,42.4
경상북도,의성군,경상북도-의성군,15 - 29세,'21하,45.3
경상북도,의성군,경상북도-의성군,15 - 29세,'22상,52.2
경상북도,청송군,경상북도-청송군,15 - 29세,'18상,34.5
경상북도,청송군,경상북도-청송군,15 - 29세,'18하,56.5
경상북도,청송군,경상북도-청송군,15 - 29세,'19상,57.1
경상북도,청송군,경상북도-청송군,15 - 29세,'19하,47.7
경상북도,청송군,경상북도-청송군,15 - 29세,'20상,30.4
경상북도,청송군,경상북도-청송군,15 - 29세,'20하,33.6
경상북도,청송군,경상북도-청송군,15 - 29세,'21상,42.6
경상북도,청송군,경상북도-청송군,15 - 29세,'21하,52.3
경상북도,청송군,경상북도-청송군,15 - 29세,'22상,54.9
경상북도,영양군,경상북도-영양군,15 - 29세,'18상,32.5
경상북도,영양군,경상북도-영양군,15 - 29세,'18하,38.1
경상북도,영양군,경상북도-영양군,15 - 29세,'19상,45.6
경상북도,영양군,경상북도-영양군,15 - 29세,'19하,33.4
경상북도,영양군,경상북도-영양군,15 - 29세,'20상,24.2
경상북도,영양군,경상북도-영양군,15 - 29세,'20하,28.9
경상북도,영양군,경상북도-영양군,15 - 29세,'21상,39.5
경상북도,영양군,경상북도-영양군,15 - 29세,'21하,39.6
경상북도,영양군,경상북도-영양군,15 - 29세,'22상,34.8
경상북도,영덕군,경상북도-영덕군,15 - 29세,'18상,45.3
경상북도,영덕군,경상북도-영덕군,15 - 29세,'18하,52.1
경상북도,영덕군,경상북도-영덕군,15 - 29세,'19상,51.3
경상북도,영덕군,경상북도-영덕군,15 - 29세,'19하,44.5
경상북도,영덕군,경상북도-영덕군,15 - 29세,'20상,38.4
경상북도,영덕군,경상북도-영덕군,15 - 29세,'20하,42.5
경상북도,영덕군,경상북도-영덕군,15 - 29세,'21상,40.1
경상북도,영덕군,경상북도-영덕군,15 - 29세,'21하,45.9
경상북도,영덕군,경상북도-영덕군,15 - 29세,'22상,45.5
경상북도,청도군,경상북도-청도군,15 - 29세,'18상,32.5
경상북도,청도군,경상북도-청도군,15 - 29세,'18하,33.4
경상북도,청도군,경상북도-청도군,15 - 29세,'19상,32.3
경상북도,청도군,경상북도-청도군,15 - 29세,'19하,41.9
경상북도,청도군,경상북도-청도군,15 - 29세,'20상,32.5
경상북도,청도군,경상북도-청도군,15 - 29세,'20하,36.3
경상북도,청도군,경상북도-청도군,15 - 29세,'21상,37.6
경상북도,청도군,경상북도-청도군,15 - 29세,'21하,34.4
경상북도,청도군,경상북도-청도군,15 - 29세,'22상,35.4
경상북도,고령군,경상북도-고령군,15 - 29세,'18상,43.2
경상북도,고령군,경상북도-고령군,15 - 29세,'18하,42.8
경상북도,고령군,경상북도-고령군,15 - 29세,'19상,40.5
경상북도,고령군,경상북도-고령군,15 - 29세,'19하,40.6
경상북도,고령군,경상북도-고령군,15 - 29세,'20상,45.1
경상북도,고령군,경상북도-고령군,15 - 29세,'20하,42.5
경상북도,고령군,경상북도-고령군,15 - 29세,'21상,49.4
경상북도,고령군,경상북도-고령군,15 - 29세,'21하,53.4
경상북도,고령군,경상북도-고령군,15 - 29세,'22상,55
경상북도,성주군,경상북도-성주군,15 - 29세,'18상,57.4
경상북도,성주군,경상북도-성주군,15 - 29세,'18하,55.7
경상북도,성주군,경상북도-성주군,15 - 29세,'19상,49.9
경상북도,성주군,경상북도-성주군,15 - 29세,'19하,56.2
경상북도,성주군,경상북도-성주군,15 - 29세,'20상,44.3
경상북도,성주군,경상북도-성주군,15 - 29세,'20하,52.7
경상북도,성주군,경상북도-성주군,15 - 29세,'21상,50.2
경상북도,성주군,경상북도-성주군,15 - 29세,'21하,55.5
경상북도,성주군,경상북도-성주군,15 - 29세,'22상,60.7
경상북도,칠곡군,경상북도-칠곡군,15 - 29세,'18상,40.8
경상북도,칠곡군,경상북도-칠곡군,15 - 29세,'18하,40.6
경상북도,칠곡군,경상북도-칠곡군,15 - 29세,'19상,42.1
경상북도,칠곡군,경상북도-칠곡군,15 - 29세,'19하,41.1
경상북도,칠곡군,경상북도-칠곡군,15 - 29세,'20상,37.6
경상북도,칠곡군,경상북도-칠곡군,15 - 29세,'20하,41.2
경상북도,칠곡군,경상북도-칠곡군,15 - 29세,'21상,37.2
경상북도,칠곡군,경상북도-칠곡군,15 - 29세,'21하,35.7
경상북도,칠곡군,경상북도-칠곡군,15 - 29세,'22상,36
경상북도,예천군,경상북도-예천군,15 - 29세,'18상,40.1
경상북도,예천군,경상북도-예천군,15 - 29세,'18하,32.7
경상북도,예천군,경상북도-예천군,15 - 29세,'19상,41.7
경상북도,예천군,경상북도-예천군,15 - 29세,'19하,48.1
경상북도,예천군,경상북도-예천군,15 - 29세,'20상,42.3
경상북도,예천군,경상북도-예천군,15 - 29세,'20하,38.3
경상북도,예천군,경상북도-예천군,15 - 29세,'21상,35.6
경상북도,예천군,경상북도-예천군,15 - 29세,'21하,32.7
경상북도,예천군,경상북도-예천군,15 - 29세,'22상,34
경상북도,봉화군,경상북도-봉화군,15 - 29세,'18상,39.1
경상북도,봉화군,경상북도-봉화군,15 - 29세,'18하,27.3
경상북도,봉화군,경상북도-봉화군,15 - 29세,'19상,31.5
경상북도,봉화군,경상북도-봉화군,15 - 29세,'19하,29.1
경상북도,봉화군,경상북도-봉화군,15 - 29세,'20상,26.1
경상북도,봉화군,경상북도-봉화군,15 - 29세,'20하,29.2
경상북도,봉화군,경상북도-봉화군,15 - 29세,'21상,33.7
경상북도,봉화군,경상북도-봉화군,15 - 29세,'21하,30.3
경상북도,봉화군,경상북도-봉화군,15 - 29세,'22상,37
경상북도,울진군,경상북도-울진군,15 - 29세,'18상,42.5
경상북도,울진군,경상북도-울진군,15 - 29세,'18하,40.5
경상북도,울진군,경상북도-울진군,15 - 29세,'19상,42.2
경상북도,울진군,경상북도-울진군,15 - 29세,'19하,46.3
경상북도,울진군,경상북도-울진군,15 - 29세,'20상,50.4
경상북도,울진군,경상북도-울진군,15 - 29세,'20하,47.5
경상북도,울진군,경상북도-울진군,15 - 29세,'21상,41.2
경상북도,울진군,경상북도-울진군,15 - 29세,'21하,41.5
경상북도,울진군,경상북도-울진군,15 - 29세,'22상,50.8
경상북도,울릉군,경상북도-울릉군,15 - 29세,'18상,76.3
경상북도,울릉군,경상북도-울릉군,15 - 29세,'18하,68.8
경상북도,울릉군,경상북도-울릉군,15 - 29세,'19상,76.4
경상북도,울릉군,경상북도-울릉군,15 - 29세,'19하,75.4
경상북도,울릉군,경상북도-울릉군,15 - 29세,'20상,69.3
경상북도,울릉군,경상북도-울릉군,15 - 29세,'20하,70.4
경상북도,울릉군,경상북도-울릉군,15 - 29세,'21상,71.5
경상북도,울릉군,경상북도-울릉군,15 - 29세,'21하,72.6
경상북도,울릉군,경상북도-울릉군,15 - 29세,'22상,78.4
경상남도,진주시,경상남도-진주시,15 - 29세,'18상,31.2
경상남도,진주시,경상남도-진주시,15 - 29세,'18하,27.7
경상남도,진주시,경상남도-진주시,15 - 29세,'19상,32.4
경상남도,진주시,경상남도-진주시,15 - 29세,'19하,30.4
경상남도,진주시,경상남도-진주시,15 - 29세,'20상,29.3
경상남도,진주시,경상남도-진주시,15 - 29세,'20하,28.8
경상남도,진주시,경상남도-진주시,15 - 29세,'21상,29
경상남도,진주시,경상남도-진주시,15 - 29세,'21하,31.3
경상남도,진주시,경상남도-진주시,15 - 29세,'22상,29.3
경상남도,통영시,경상남도-통영시,15 - 29세,'18상,25.9
경상남도,통영시,경상남도-통영시,15 - 29세,'18하,29.4
경상남도,통영시,경상남도-통영시,15 - 29세,'19상,32.3
경상남도,통영시,경상남도-통영시,15 - 29세,'19하,34.2
경상남도,통영시,경상남도-통영시,15 - 29세,'20상,32.9
경상남도,통영시,경상남도-통영시,15 - 29세,'20하,31.7
경상남도,통영시,경상남도-통영시,15 - 29세,'21상,34
경상남도,통영시,경상남도-통영시,15 - 29세,'21하,30.9
경상남도,통영시,경상남도-통영시,15 - 29세,'22상,34.2
경상남도,사천시,경상남도-사천시,15 - 29세,'18상,33.5
경상남도,사천시,경상남도-사천시,15 - 29세,'18하,38.6
경상남도,사천시,경상남도-사천시,15 - 29세,'19상,39.1
경상남도,사천시,경상남도-사천시,15 - 29세,'19하,38.4
경상남도,사천시,경상남도-사천시,15 - 29세,'20상,30.7
경상남도,사천시,경상남도-사천시,15 - 29세,'20하,30.9
경상남도,사천시,경상남도-사천시,15 - 29세,'21상,27.7
경상남도,사천시,경상남도-사천시,15 - 29세,'21하,26.1
경상남도,사천시,경상남도-사천시,15 - 29세,'22상,28.1
경상남도,김해시,경상남도-김해시,15 - 29세,'18상,37.7
경상남도,김해시,경상남도-김해시,15 - 29세,'18하,38.6
경상남도,김해시,경상남도-김해시,15 - 29세,'19상,38.4
경상남도,김해시,경상남도-김해시,15 - 29세,'19하,39.1
경상남도,김해시,경상남도-김해시,15 - 29세,'20상,35.6
경상남도,김해시,경상남도-김해시,15 - 29세,'20하,33.7
경상남도,김해시,경상남도-김해시,15 - 29세,'21상,37
경상남도,김해시,경상남도-김해시,15 - 29세,'21하,35
경상남도,김해시,경상남도-김해시,15 - 29세,'22상,37.1
경상남도,밀양시,경상남도-밀양시,15 - 29세,'18상,30.9
경상남도,밀양시,경상남도-밀양시,15 - 29세,'18하,32.8
경상남도,밀양시,경상남도-밀양시,15 - 29세,'19상,36.5
경상남도,밀양시,경상남도-밀양시,15 - 29세,'19하,39.4
경상남도,밀양시,경상남도-밀양시,15 - 29세,'20상,31.2
경상남도,밀양시,경상남도-밀양시,15 - 29세,'20하,35
경상남도,밀양시,경상남도-밀양시,15 - 29세,'21상,36.7
경상남도,밀양시,경상남도-밀양시,15 - 29세,'21하,45.6
경상남도,밀양시,경상남도-밀양시,15 - 29세,'22상,46.9
경상남도,거제시,경상남도-거제시,15 - 29세,'18상,37.5
경상남도,거제시,경상남도-거제시,15 - 29세,'18하,40.9
경상남도,거제시,경상남도-거제시,15 - 29세,'19상,41.2
경상남도,거제시,경상남도-거제시,15 - 29세,'19하,42.5
경상남도,거제시,경상남도-거제시,15 - 29세,'20상,39
경상남도,거제시,경상남도-거제시,15 - 29세,'20하,32.1
경상남도,거제시,경상남도-거제시,15 - 29세,'21상,30.9
경상남도,거제시,경상남도-거제시,15 - 29세,'21하,34.5
경상남도,거제시,경상남도-거제시,15 - 29세,'22상,32.4
경상남도,양산시,경상남도-양산시,15 - 29세,'18상,31.4
경상남도,양산시,경상남도-양산시,15 - 29세,'18하,33.6
경상남도,양산시,경상남도-양산시,15 - 29세,'19상,35.1
경상남도,양산시,경상남도-양산시,15 - 29세,'19하,35.1
경상남도,양산시,경상남도-양산시,15 - 29세,'20상,29.8
경상남도,양산시,경상남도-양산시,15 - 29세,'20하,31.4
경상남도,양산시,경상남도-양산시,15 - 29세,'21상,34.8
경상남도,양산시,경상남도-양산시,15 - 29세,'21하,34.5
경상남도,양산시,경상남도-양산시,15 - 29세,'22상,34
경상남도,창원시,경상남도-창원시,15 - 29세,'18상,39
경상남도,창원시,경상남도-창원시,15 - 29세,'18하,40.5
경상남도,창원시,경상남도-창원시,15 - 29세,'19상,39.5
경상남도,창원시,경상남도-창원시,15 - 29세,'19하,41.4
경상남도,창원시,경상남도-창원시,15 - 29세,'20상,35.4
경상남도,창원시,경상남도-창원시,15 - 29세,'20하,39.3
경상남도,창원시,경상남도-창원시,15 - 29세,'21상,39.3
경상남도,창원시,경상남도-창원시,15 - 29세,'21하,38.2
경상남도,창원시,경상남도-창원시,15 - 29세,'22상,39.8
경상남도,의령군,경상남도-의령군,15 - 29세,'18상,49.8
경상남도,의령군,경상남도-의령군,15 - 29세,'18하,60.5
경상남도,의령군,경상남도-의령군,15 - 29세,'19상,61.3
경상남도,의령군,경상남도-의령군,15 - 29세,'19하,42.1
경상남도,의령군,경상남도-의령군,15 - 29세,'20상,43.1
경상남도,의령군,경상남도-의령군,15 - 29세,'20하,43.8
경상남도,의령군,경상남도-의령군,15 - 29세,'21상,46.3
경상남도,의령군,경상남도-의령군,15 - 29세,'21하,53.7
경상남도,의령군,경상남도-의령군,15 - 29세,'22상,58.1
경상남도,함안군,경상남도-함안군,15 - 29세,'18상,38.7
경상남도,함안군,경상남도-함안군,15 - 29세,'18하,36.2
경상남도,함안군,경상남도-함안군,15 - 29세,'19상,32.7
경상남도,함안군,경상남도-함안군,15 - 29세,'19하,29.3
경상남도,함안군,경상남도-함안군,15 - 29세,'20상,32.4
경상남도,함안군,경상남도-함안군,15 - 29세,'20하,31.3
경상남도,함안군,경상남도-함안군,15 - 29세,'21상,32.2
경상남도,함안군,경상남도-함안군,15 - 29세,'21하,38.9
경상남도,함안군,경상남도-함안군,15 - 29세,'22상,37.3
경상남도,창녕군,경상남도-창녕군,15 - 29세,'18상,35.9
경상남도,창녕군,경상남도-창녕군,15 - 29세,'18하,51.8
경상남도,창녕군,경상남도-창녕군,15 - 29세,'19상,46.6
경상남도,창녕군,경상남도-창녕군,15 - 29세,'19하,50.8
경상남도,창녕군,경상남도-창녕군,15 - 29세,'20상,40.1
경상남도,창녕군,경상남도-창녕군,15 - 29세,'20하,40.3
경상남도,창녕군,경상남도-창녕군,15 - 29세,'21상,37
경상남도,창녕군,경상남도-창녕군,15 - 29세,'21하,52.8
경상남도,창녕군,경상남도-창녕군,15 - 29세,'22상,52.7
경상남도,고성군,경상남도-고성군,15 - 29세,'18상,29.2
경상남도,고성군,경상남도-고성군,15 - 29세,'18하,38.3
경상남도,고성군,경상남도-고성군,15 - 29세,'19상,33.7
경상남도,고성군,경상남도-고성군,15 - 29세,'19하,25.1
경상남도,고성군,경상남도-고성군,15 - 29세,'20상,31.1
경상남도,고성군,경상남도-고성군,15 - 29세,'20하,32.9
경상남도,고성군,경상남도-고성군,15 - 29세,'21상,31.4
경상남도,고성군,경상남도-고성군,15 - 29세,'21하,31.7
경상남도,고성군,경상남도-고성군,15 - 29세,'22상,31.2
경상남도,남해군,경상남도-남해군,15 - 29세,'18상,36.7
경상남도,남해군,경상남도-남해군,15 - 29세,'18하,34.7
경상남도,남해군,경상남도-남해군,15 - 29세,'19상,39.4
경상남도,남해군,경상남도-남해군,15 - 29세,'19하,39.2
경상남도,남해군,경상남도-남해군,15 - 29세,'20상,32.5
경상남도,남해군,경상남도-남해군,15 - 29세,'20하,32
경상남도,남해군,경상남도-남해군,15 - 29세,'21상,32.4
경상남도,남해군,경상남도-남해군,15 - 29세,'21하,29.5
경상남도,남해군,경상남도-남해군,15 - 29세,'22상,31.3
경상남도,하동군,경상남도-하동군,15 - 29세,'18상,41.9
경상남도,하동군,경상남도-하동군,15 - 29세,'18하,36.5
경상남도,하동군,경상남도-하동군,15 - 29세,'19상,44.2
경상남도,하동군,경상남도-하동군,15 - 29세,'19하,43
경상남도,하동군,경상남도-하동군,15 - 29세,'20상,41.5
경상남도,하동군,경상남도-하동군,15 - 29세,'20하,43
경상남도,하동군,경상남도-하동군,15 - 29세,'21상,40
경상남도,하동군,경상남도-하동군,15 - 29세,'21하,35.5
경상남도,하동군,경상남도-하동군,15 - 29세,'22상,37.7
경상남도,산청군,경상남도-산청군,15 - 29세,'18상,37
경상남도,산청군,경상남도-산청군,15 - 29세,'18하,34.1
경상남도,산청군,경상남도-산청군,15 - 29세,'19상,38.1
경상남도,산청군,경상남도-산청군,15 - 29세,'19하,45.5
경상남도,산청군,경상남도-산청군,15 - 29세,'20상,47.6
경상남도,산청군,경상남도-산청군,15 - 29세,'20하,44.7
경상남도,산청군,경상남도-산청군,15 - 29세,'21상,40.2
경상남도,산청군,경상남도-산청군,15 - 29세,'21하,35.9
경상남도,산청군,경상남도-산청군,15 - 29세,'22상,32.3
경상남도,함양군,경상남도-함양군,15 - 29세,'18상,32.6
경상남도,함양군,경상남도-함양군,15 - 29세,'18하,34.4
경상남도,함양군,경상남도-함양군,15 - 29세,'19상,32
경상남도,함양군,경상남도-함양군,15 - 29세,'19하,30.2
경상남도,함양군,경상남도-함양군,15 - 29세,'20상,39.8
경상남도,함양군,경상남도-함양군,15 - 29세,'20하,38.5
경상남도,함양군,경상남도-함양군,15 - 29세,'21상,41
경상남도,함양군,경상남도-함양군,15 - 29세,'21하,35.6
경상남도,함양군,경상남도-함양군,15 - 29세,'22상,36.1
경상남도,거창군,경상남도-거창군,15 - 29세,'18상,33.1
경상남도,거창군,경상남도-거창군,15 - 29세,'18하,31
경상남도,거창군,경상남도-거창군,15 - 29세,'19상,24.7
경상남도,거창군,경상남도-거창군,15 - 29세,'19하,28.2
경상남도,거창군,경상남도-거창군,15 - 29세,'20상,26.7
경상남도,거창군,경상남도-거창군,15 - 29세,'20하,28
경상남도,거창군,경상남도-거창군,15 - 29세,'21상,28.6
경상남도,거창군,경상남도-거창군,15 - 29세,'21하,37.7
경상남도,거창군,경상남도-거창군,15 - 29세,'22상,26.9
경상남도,합천군,경상남도-합천군,15 - 29세,'18상,40.6
경상남도,합천군,경상남도-합천군,15 - 29세,'18하,40.6
경상남도,합천군,경상남도-합천군,15 - 29세,'19상,43.3
경상남도,합천군,경상남도-합천군,15 - 29세,'19하,42
경상남도,합천군,경상남도-합천군,15 - 29세,'20상,37
경상남도,합천군,경상남도-합천군,15 - 29세,'20하,46.5
경상남도,합천군,경상남도-합천군,15 - 29세,'21상,43.8
경상남도,합천군,경상남도-합천군,15 - 29세,'21하,39.8
경상남도,합천군,경상남도-합천군,15 - 29세,'22상,42.3
제주특별자치도,제주시,제주특별자치도-제주시,15 - 29세,'18상,44
제주특별자치도,제주시,제주특별자치도-제주시,15 - 29세,'18하,42
제주특별자치도,제주시,제주특별자치도-제주시,15 - 29세,'19상,42.4
제주특별자치도,제주시,제주특별자치도-제주시,15 - 29세,'19하,44.7
제주특별자치도,제주시,제주특별자치도-제주시,15 - 29세,'20상,37.9
제주특별자치도,제주시,제주특별자치도-제주시,15 - 29세,'20하,38.2
제주특별자치도,제주시,제주특별자치도-제주시,15 - 29세,'21상,41.9
제주특별자치도,제주시,제주특별자치도-제주시,15 - 29세,'21하,40.4
제주특별자치도,제주시,제주특별자치도-제주시,15 - 29세,'22상,40.2
제주특별자치도,서귀포시,제주특별자치도-서귀포시,15 - 29세,'18상,42.3
제주특별자치도,서귀포시,제주특별자치도-서귀포시,15 - 29세,'18하,41.3
제주특별자치도,서귀포시,제주특별자치도-서귀포시,15 - 29세,'19상,38.2
제주특별자치도,서귀포시,제주특별자치도-서귀포시,15 - 29세,'19하,40.2
제주특별자치도,서귀포시,제주특별자치도-서귀포시,15 - 29세,'20상,35.6
제주특별자치도,서귀포시,제주특별자치도-서귀포시,15 - 29세,'20하,41.2
제주특별자치도,서귀포시,제주특별자치도-서귀포시,15 - 29세,'21상,37.4
제주특별자치도,서귀포시,제주특별자치도-서귀포시,15 - 29세,'21하,37.3
제주특별자치도,서귀포시,제주특별자치도-서귀포시,15 - 29세,'22상,36
전국,전체,전국-전체,15 - 29세,'17,42.1
전국,전체,전국-전체,15 - 29세,'18,42.7
전국,전체,전국-전체,15 - 29세,'19,43.5
전국,전체,전국-전체,15 - 29세,'20,42.2
전국,전체,전국-전체,15 - 29세,'21,44.2
전국,전체,전국-전체,15 - 29세,'22.3/4,47.2
서울특별시,전체,서울특별시-전체,15 - 29세,'17,45.3
서울특별시,전체,서울특별시-전체,15 - 29세,'18,46.1
서울특별시,전체,서울특별시-전체,15 - 29세,'19,47.5
서울특별시,전체,서울특별시-전체,15 - 29세,'20,46.6
서울특별시,전체,서울특별시-전체,15 - 29세,'21,50.5
서울특별시,전체,서울특별시-전체,15 - 29세,'22.3/4,51.9
부산광역시,전체,부산광역시-전체,15 - 29세,'17,41.2
부산광역시,전체,부산광역시-전체,15 - 29세,'18,40.4
부산광역시,전체,부산광역시-전체,15 - 29세,'19,42.9
부산광역시,전체,부산광역시-전체,15 - 29세,'20,40.5
부산광역시,전체,부산광역시-전체,15 - 29세,'21,41.2
부산광역시,전체,부산광역시-전체,15 - 29세,'22.3/4,43.6
대구광역시,전체,대구광역시-전체,15 - 29세,'17,35.2
대구광역시,전체,대구광역시-전체,15 - 29세,'18,36.3
대구광역시,전체,대구광역시-전체,15 - 29세,'19,39.8
대구광역시,전체,대구광역시-전체,15 - 29세,'20,37.8
대구광역시,전체,대구광역시-전체,15 - 29세,'21,42.6
대구광역시,전체,대구광역시-전체,15 - 29세,'22.3/4,41.6
인천광역시,전체,인천광역시-전체,15 - 29세,'17,45.1
인천광역시,전체,인천광역시-전체,15 - 29세,'18,47.9
인천광역시,전체,인천광역시-전체,15 - 29세,'19,48.8
인천광역시,전체,인천광역시-전체,15 - 29세,'20,46.8
인천광역시,전체,인천광역시-전체,15 - 29세,'21,46.9
인천광역시,전체,인천광역시-전체,15 - 29세,'22.3/4,52.4
광주광역시,전체,광주광역시-전체,15 - 29세,'17,36.3
광주광역시,전체,광주광역시-전체,15 - 29세,'18,39.4
광주광역시,전체,광주광역시-전체,15 - 29세,'19,39.6
광주광역시,전체,광주광역시-전체,15 - 29세,'20,39.6
광주광역시,전체,광주광역시-전체,15 - 29세,'21,37.3
광주광역시,전체,광주광역시-전체,15 - 29세,'22.3/4,38.5
대전광역시,전체,대전광역시-전체,15 - 29세,'17,40.2
대전광역시,전체,대전광역시-전체,15 - 29세,'18,38.1
대전광역시,전체,대전광역시-전체,15 - 29세,'19,40.6
대전광역시,전체,대전광역시-전체,15 - 29세,'20,44.7
대전광역시,전체,대전광역시-전체,15 - 29세,'21,45
대전광역시,전체,대전광역시-전체,15 - 29세,'22.3/4,49.4
울산광역시,전체,울산광역시-전체,15 - 29세,'17,40.9
울산광역시,전체,울산광역시-전체,15 - 29세,'18,40.4
울산광역시,전체,울산광역시-전체,15 - 29세,'19,39.1
울산광역시,전체,울산광역시-전체,15 - 29세,'20,37.6
울산광역시,전체,울산광역시-전체,15 - 29세,'21,36.5
울산광역시,전체,울산광역시-전체,15 - 29세,'22.3/4,40.5
세종특별자치시,전체,세종특별자치시-전체,15 - 29세,'17,37.5
세종특별자치시,전체,세종특별자치시-전체,15 - 29세,'18,38.1
세종특별자치시,전체,세종특별자치시-전체,15 - 29세,'19,35.1
세종특별자치시,전체,세종특별자치시-전체,15 - 29세,'20,36.6
세종특별자치시,전체,세종특별자치시-전체,15 - 29세,'21,35.1
세종특별자치시,전체,세종특별자치시-전체,15 - 29세,'22.3/4,35.3
경기도,전체,경기도-전체,15 - 29세,'17,44.8
경기도,전체,경기도-전체,15 - 29세,'18,45.3
경기도,전체,경기도-전체,15 - 29세,'19,45.4
경기도,전체,경기도-전체,15 - 29세,'20,43.1
경기도,전체,경기도-전체,15 - 29세,'21,45.5
경기도,전체,경기도-전체,15 - 29세,'22.3/4,50.3
강원도,전체,강원도-전체,15 - 29세,'17,41.2
강원도,전체,강원도-전체,15 - 29세,'18,42.4
강원도,전체,강원도-전체,15 - 29세,'19,42.4
강원도,전체,강원도-전체,15 - 29세,'20,40.8
강원도,전체,강원도-전체,15 - 29세,'21,40.2
강원도,전체,강원도-전체,15 - 29세,'22.3/4,41.3
충청북도,전체,충청북도-전체,15 - 29세,'17,43.4
충청북도,전체,충청북도-전체,15 - 29세,'18,45.5
충청북도,전체,충청북도-전체,15 - 29세,'19,43.5
충청북도,전체,충청북도-전체,15 - 29세,'20,43.4
충청북도,전체,충청북도-전체,15 - 29세,'21,46.2
충청북도,전체,충청북도-전체,15 - 29세,'22.3/4,49.7
충청남도,전체,충청남도-전체,15 - 29세,'17,40.4
충청남도,전체,충청남도-전체,15 - 29세,'18,43.7
충청남도,전체,충청남도-전체,15 - 29세,'19,45.1
충청남도,전체,충청남도-전체,15 - 29세,'20,42
충청남도,전체,충청남도-전체,15 - 29세,'21,42.4
충청남도,전체,충청남도-전체,15 - 29세,'22.3/4,46.2
전라북도,전체,전라북도-전체,15 - 29세,'17,32.7
전라북도,전체,전라북도-전체,15 - 29세,'18,31.7
전라북도,전체,전라북도-전체,15 - 29세,'19,32.7
전라북도,전체,전라북도-전체,15 - 29세,'20,31.5
전라북도,전체,전라북도-전체,15 - 29세,'21,36.5
전라북도,전체,전라북도-전체,15 - 29세,'22.3/4,40.4
전라남도,전체,전라남도-전체,15 - 29세,'17,35.8
전라남도,전체,전라남도-전체,15 - 29세,'18,36.6
전라남도,전체,전라남도-전체,15 - 29세,'19,37.4
전라남도,전체,전라남도-전체,15 - 29세,'20,37.9
전라남도,전체,전라남도-전체,15 - 29세,'21,37.2
전라남도,전체,전라남도-전체,15 - 29세,'22.3/4,39.9
경상북도,전체,경상북도-전체,15 - 29세,'17,39.4
경상북도,전체,경상북도-전체,15 - 29세,'18,37.3
경상북도,전체,경상북도-전체,15 - 29세,'19,38.7
경상북도,전체,경상북도-전체,15 - 29세,'20,38
경상북도,전체,경상북도-전체,15 - 29세,'21,38.7
경상북도,전체,경상북도-전체,15 - 29세,'22.3/4,42
경상남도,전체,경상남도-전체,15 - 29세,'17,39
경상남도,전체,경상남도-전체,15 - 29세,'18,38.7
경상남도,전체,경상남도-전체,15 - 29세,'19,39.3
경상남도,전체,경상남도-전체,15 - 29세,'20,37.7
경상남도,전체,경상남도-전체,15 - 29세,'21,39.4
경상남도,전체,경상남도-전체,15 - 29세,'22.3/4,39
제주특별자치도,전체,제주특별자치도-전체,15 - 29세,'17,47.8
제주특별자치도,전체,제주특별자치도-전체,15 - 29세,'18,45.9
제주특별자치도,전체,제주특별자치도-전체,15 - 29세,'19,43.7
제주특별자치도,전체,제주특별자치도-전체,15 - 29세,'20,41.6
제주특별자치도,전체,제주특별자치도-전체,15 - 29세,'21,42.6
제주특별자치도,전체,제주특별자치도-전체,15 - 29세,'22.3/4,49.3
