시도,행정구역,직업별,2021.1/2,2022.1/2
서울특별시,종로구,계,73.1,78.3
서울특별시,종로구,"관리자, 전문가",25.0,24.5
서울특별시,종로구,사무종사자,13.6,16.6
서울특별시,종로구,서비스·판매,16.9,20.4
서울특별시,종로구,농림어업,0.2,0.2
서울특별시,종로구,기능·기계조작·조립,9.2,8.4
서울특별시,종로구,단순노무,8.2,8.2
서울특별시,중구,계,65.4,69.4
서울특별시,중구,"관리자, 전문가",15.4,18.3
서울특별시,중구,사무종사자,14.0,13.1
서울특별시,중구,서비스·판매,17.5,18.9
서울특별시,중구,농림어업,0.0,0.0
서울특별시,중구,기능·기계조작·조립,10.5,10.1
서울특별시,중구,단순노무,8.1,9.0
서울특별시,용산구,계,121.0,122.8
서울특별시,용산구,"관리자, 전문가",43.1,43.4
서울특별시,용산구,사무종사자,29.4,29.6
서울특별시,용산구,서비스·판매,26.2,26.8
서울특별시,용산구,농림어업,0.0,0.0
서울특별시,용산구,기능·기계조작·조립,10.0,10.7
서울특별시,용산구,단순노무,12.4,12.3
서울특별시,성동구,계,147.1,150.1
서울특별시,성동구,"관리자, 전문가",50.5,52.1
서울특별시,성동구,사무종사자,40.5,39.4
서울특별시,성동구,서비스·판매,27.1,27.5
서울특별시,성동구,농림어업,0.1,0.0
서울특별시,성동구,기능·기계조작·조립,17.4,14.9
서울특별시,성동구,단순노무,11.6,16.2
서울특별시,광진구,계,179.8,190.7
서울특별시,광진구,"관리자, 전문가",49.9,54.2
서울특별시,광진구,사무종사자,35.9,38.9
서울특별시,광진구,서비스·판매,40.9,45.5
서울특별시,광진구,농림어업,0.2,0.2
서울특별시,광진구,기능·기계조작·조립,28.9,25.9
서울특별시,광진구,단순노무,24.0,26.0
서울특별시,동대문구,계,171.0,178.5
서울특별시,동대문구,"관리자, 전문가",42.8,44.9
서울특별시,동대문구,사무종사자,34.2,39.4
서울특별시,동대문구,서비스·판매,44.6,46.1
서울특별시,동대문구,농림어업,0.0,0.0
서울특별시,동대문구,기능·기계조작·조립,25.7,23.6
서울특별시,동대문구,단순노무,23.7,24.5
서울특별시,중랑구,계,190.6,193.5
서울특별시,중랑구,"관리자, 전문가",43.9,49.4
서울특별시,중랑구,사무종사자,36.2,35.6
서울특별시,중랑구,서비스·판매,46.3,46.2
서울특별시,중랑구,농림어업,0.2,0.0
서울특별시,중랑구,기능·기계조작·조립,39.0,34.7
서울특별시,중랑구,단순노무,24.9,27.6
서울특별시,성북구,계,204.3,211.0
서울특별시,성북구,"관리자, 전문가",58.9,61.7
서울특별시,성북구,사무종사자,42.3,50.2
서울특별시,성북구,서비스·판매,48.3,47.1
서울특별시,성북구,농림어업,0.2,0.1
서울특별시,성북구,기능·기계조작·조립,30.8,28.2
서울특별시,성북구,단순노무,23.9,23.6
서울특별시,강북구,계,139.6,137.0
서울특별시,강북구,"관리자, 전문가",28.4,31.0
서울특별시,강북구,사무종사자,28.3,27.2
서울특별시,강북구,서비스·판매,36.0,32.6
서울특별시,강북구,농림어업,0.0,0.0
서울특별시,강북구,기능·기계조작·조립,25.8,26.4
서울특별시,강북구,단순노무,21.1,19.8
서울특별시,도봉구,계,149.5,150.3
서울특별시,도봉구,"관리자, 전문가",30.7,32.1
서울특별시,도봉구,사무종사자,30.6,30.2
서울특별시,도봉구,서비스·판매,37.1,41.6
서울특별시,도봉구,농림어업,0.0,0.2
서울특별시,도봉구,기능·기계조작·조립,30.5,27.4
서울특별시,도봉구,단순노무,20.6,18.9
서울특별시,노원구,계,241.7,242.2
서울특별시,노원구,"관리자, 전문가",79.8,79.6
서울특별시,노원구,사무종사자,54.8,57.5
서울특별시,노원구,서비스·판매,55.1,53.5
서울특별시,노원구,농림어업,0.0,0.0
서울특별시,노원구,기능·기계조작·조립,26.7,27.8
서울특별시,노원구,단순노무,25.2,23.8
서울특별시,은평구,계,224.6,227.9
서울특별시,은평구,"관리자, 전문가",65.5,69.0
서울특별시,은평구,사무종사자,51.2,51.1
서울특별시,은평구,서비스·판매,52.3,49.7
서울특별시,은평구,농림어업,0.1,0.3
서울특별시,은평구,기능·기계조작·조립,28.5,30.3
서울특별시,은평구,단순노무,27.0,27.6
서울특별시,서대문구,계,152.2,152.8
서울특별시,서대문구,"관리자, 전문가",52.9,52.6
서울특별시,서대문구,사무종사자,35.1,33.7
서울특별시,서대문구,서비스·판매,31.9,32.3
서울특별시,서대문구,농림어업,0.1,0.2
서울특별시,서대문구,기능·기계조작·조립,16.0,15.3
서울특별시,서대문구,단순노무,16.1,18.7
서울특별시,마포구,계,195.6,201.6
서울특별시,마포구,"관리자, 전문가",74.1,79.4
서울특별시,마포구,사무종사자,51.0,55.8
서울특별시,마포구,서비스·판매,37.1,33.7
서울특별시,마포구,농림어업,0.3,0.2
서울특별시,마포구,기능·기계조작·조립,16.2,15.6
서울특별시,마포구,단순노무,16.8,16.8
서울특별시,양천구,계,210.5,214.3
서울특별시,양천구,"관리자, 전문가",75.6,78.6
서울특별시,양천구,사무종사자,49.6,49.8
서울특별시,양천구,서비스·판매,39.7,42.7
서울특별시,양천구,농림어업,0.1,0.3
서울특별시,양천구,기능·기계조작·조립,23.5,21.2
서울특별시,양천구,단순노무,22.0,21.7
서울특별시,강서구,계,288.1,297.9
서울특별시,강서구,"관리자, 전문가",94.5,97.2
서울특별시,강서구,사무종사자,66.6,74.6
서울특별시,강서구,서비스·판매,60.5,62.2
서울특별시,강서구,농림어업,0.6,0.4
서울특별시,강서구,기능·기계조작·조립,39.7,36.3
서울특별시,강서구,단순노무,26.2,27.2
서울특별시,구로구,계,217.2,221.6
서울특별시,구로구,"관리자, 전문가",61.1,58.3
서울특별시,구로구,사무종사자,45.3,41.6
서울특별시,구로구,서비스·판매,46.8,48.4
서울특별시,구로구,농림어업,0.0,0.0
서울특별시,구로구,기능·기계조작·조립,39.4,42.3
서울특별시,구로구,단순노무,24.6,31.1
서울특별시,금천구,계,129.2,133.1
서울특별시,금천구,"관리자, 전문가",26.4,30.8
서울특별시,금천구,사무종사자,25.4,27.3
서울특별시,금천구,서비스·판매,25.9,25.7
서울특별시,금천구,농림어업,0.5,0.4
서울특별시,금천구,기능·기계조작·조립,32.8,28.9
서울특별시,금천구,단순노무,18.2,20.1
서울특별시,영등포구,계,206.9,219.3
서울특별시,영등포구,"관리자, 전문가",61.3,66.4
서울특별시,영등포구,사무종사자,51.9,50.0
서울특별시,영등포구,서비스·판매,37.4,40.3
서울특별시,영등포구,농림어업,0.0,0.2
서울특별시,영등포구,기능·기계조작·조립,32.6,33.7
서울특별시,영등포구,단순노무,23.7,28.7
서울특별시,동작구,계,195.7,204.4
서울특별시,동작구,"관리자, 전문가",74.4,80.0
서울특별시,동작구,사무종사자,49.3,49.0
서울특별시,동작구,서비스·판매,34.2,41.2
서울특별시,동작구,농림어업,0.0,0.0
서울특별시,동작구,기능·기계조작·조립,19.2,17.8
서울특별시,동작구,단순노무,18.6,16.5
서울특별시,관악구,계,249.8,268.7
서울특별시,관악구,"관리자, 전문가",80.5,90.9
서울특별시,관악구,사무종사자,57.6,58.8
서울특별시,관악구,서비스·판매,50.0,54.1
서울특별시,관악구,농림어업,0.0,0.0
서울특별시,관악구,기능·기계조작·조립,33.7,32.5
서울특별시,관악구,단순노무,28.0,32.5
서울특별시,서초구,계,188.6,189.3
서울특별시,서초구,"관리자, 전문가",83.7,89.5
서울특별시,서초구,사무종사자,54.2,50.3
서울특별시,서초구,서비스·판매,32.8,29.4
서울특별시,서초구,농림어업,0.4,0.3
서울특별시,서초구,기능·기계조작·조립,7.2,7.2
서울특별시,서초구,단순노무,10.4,12.5
서울특별시,강남구,계,250.0,255.6
서울특별시,강남구,"관리자, 전문가",115.4,123.5
서울특별시,강남구,사무종사자,71.8,66.1
서울특별시,강남구,서비스·판매,41.7,44.6
서울특별시,강남구,농림어업,0.0,0.0
서울특별시,강남구,기능·기계조작·조립,9.9,9.9
서울특별시,강남구,단순노무,11.2,11.5
서울특별시,송파구,계,321.4,332.0
서울특별시,송파구,"관리자, 전문가",128.4,131.4
서울특별시,송파구,사무종사자,78.5,78.2
서울특별시,송파구,서비스·판매,61.2,62.4
서울특별시,송파구,농림어업,1.4,1.0
서울특별시,송파구,기능·기계조작·조립,28.0,30.1
서울특별시,송파구,단순노무,23.9,28.9
서울특별시,강동구,계,234.3,235.8
서울특별시,강동구,"관리자, 전문가",74.1,82.0
서울특별시,강동구,사무종사자,57.3,56.1
서울특별시,강동구,서비스·판매,50.4,46.7
서울특별시,강동구,농림어업,0.8,0.6
서울특별시,강동구,기능·기계조작·조립,28.1,25.7
서울특별시,강동구,단순노무,23.6,24.7
부산광역시,중구,계,19.2,21.3
부산광역시,중구,"관리자, 전문가",3.5,2.7
부산광역시,중구,사무종사자,3.3,3.5
부산광역시,중구,서비스·판매,6.2,6.8
부산광역시,중구,농림어업,0.0,0.0
부산광역시,중구,기능·기계조작·조립,3.1,3.8
부산광역시,중구,단순노무,3.0,4.5
부산광역시,서구,계,46.8,47.8
부산광역시,서구,"관리자, 전문가",8.7,8.9
부산광역시,서구,사무종사자,7.5,8.1
부산광역시,서구,서비스·판매,14.4,14.3
부산광역시,서구,농림어업,0.3,0.2
부산광역시,서구,기능·기계조작·조립,9.4,10.2
부산광역시,서구,단순노무,6.5,6.1
부산광역시,동구,계,38.4,40.3
부산광역시,동구,"관리자, 전문가",6.3,6.2
부산광역시,동구,사무종사자,6.5,6.0
부산광역시,동구,서비스·판매,10.5,12.9
부산광역시,동구,농림어업,0.0,0.1
부산광역시,동구,기능·기계조작·조립,7.8,6.9
부산광역시,동구,단순노무,7.3,8.2
부산광역시,영도구,계,46.6,49.8
부산광역시,영도구,"관리자, 전문가",7.1,7.9
부산광역시,영도구,사무종사자,7.0,6.6
부산광역시,영도구,서비스·판매,12.2,13.3
부산광역시,영도구,농림어업,0.1,0.1
부산광역시,영도구,기능·기계조작·조립,12.7,12.9
부산광역시,영도구,단순노무,7.5,9.0
부산광역시,부산진구,계,166.6,167.9
부산광역시,부산진구,"관리자, 전문가",36.8,37.2
부산광역시,부산진구,사무종사자,33.8,30.9
부산광역시,부산진구,서비스·판매,46.8,47.4
부산광역시,부산진구,농림어업,0.2,0.0
부산광역시,부산진구,기능·기계조작·조립,29.6,32.2
부산광역시,부산진구,단순노무,19.4,20.3
부산광역시,동래구,계,118.4,123.0
부산광역시,동래구,"관리자, 전문가",29.4,31.0
부산광역시,동래구,사무종사자,25.9,25.5
부산광역시,동래구,서비스·판매,29.4,30.0
부산광역시,동래구,농림어업,0.2,0.2
부산광역시,동래구,기능·기계조작·조립,20.8,21.8
부산광역시,동래구,단순노무,12.7,14.5
부산광역시,남구,계,117.3,124.1
부산광역시,남구,"관리자, 전문가",23.4,26.3
부산광역시,남구,사무종사자,26.3,27.2
부산광역시,남구,서비스·판매,30.0,33.1
부산광역시,남구,농림어업,0.2,0.1
부산광역시,남구,기능·기계조작·조립,20.6,19.8
부산광역시,남구,단순노무,16.8,17.6
부산광역시,북구,계,123.6,128.6
부산광역시,북구,"관리자, 전문가",27.1,26.0
부산광역시,북구,사무종사자,23.3,23.2
부산광역시,북구,서비스·판매,25.5,28.3
부산광역시,북구,농림어업,0.4,0.5
부산광역시,북구,기능·기계조작·조립,32.7,34.2
부산광역시,북구,단순노무,14.7,16.4
부산광역시,해운대구,계,173.0,179.1
부산광역시,해운대구,"관리자, 전문가",44.2,45.4
부산광역시,해운대구,사무종사자,31.8,31.6
부산광역시,해운대구,서비스·판매,47.3,47.7
부산광역시,해운대구,농림어업,0.7,0.9
부산광역시,해운대구,기능·기계조작·조립,32.1,34.0
부산광역시,해운대구,단순노무,17.0,19.5
부산광역시,사하구,계,144.4,149.2
부산광역시,사하구,"관리자, 전문가",23.8,23.8
부산광역시,사하구,사무종사자,25.4,24.6
부산광역시,사하구,서비스·판매,32.8,35.8
부산광역시,사하구,농림어업,0.7,1.3
부산광역시,사하구,기능·기계조작·조립,42.6,43.6
부산광역시,사하구,단순노무,19.0,20.1
부산광역시,금정구,계,104.3,106.6
부산광역시,금정구,"관리자, 전문가",24.5,29.3
부산광역시,금정구,사무종사자,20.9,21.0
부산광역시,금정구,서비스·판매,25.5,25.0
부산광역시,금정구,농림어업,0.7,0.3
부산광역시,금정구,기능·기계조작·조립,20.8,17.9
부산광역시,금정구,단순노무,11.9,13.0
부산광역시,강서구,계,69.5,73.5
부산광역시,강서구,"관리자, 전문가",15.6,16.5
부산광역시,강서구,사무종사자,16.8,16.9
부산광역시,강서구,서비스·판매,12.9,13.4
부산광역시,강서구,농림어업,3.4,3.3
부산광역시,강서구,기능·기계조작·조립,14.4,16.1
부산광역시,강서구,단순노무,6.4,7.5
부산광역시,연제구,계,92.3,99.8
부산광역시,연제구,"관리자, 전문가",22.4,23.5
부산광역시,연제구,사무종사자,19.0,21.4
부산광역시,연제구,서비스·판매,24.5,25.1
부산광역시,연제구,농림어업,0.0,0.0
부산광역시,연제구,기능·기계조작·조립,14.8,15.0
부산광역시,연제구,단순노무,11.5,14.8
부산광역시,수영구,계,79.2,85.9
부산광역시,수영구,"관리자, 전문가",20.5,24.5
부산광역시,수영구,사무종사자,17.6,15.3
부산광역시,수영구,서비스·판매,21.5,22.3
부산광역시,수영구,농림어업,0.1,0.2
부산광역시,수영구,기능·기계조작·조립,11.8,13.3
부산광역시,수영구,단순노무,7.6,10.4
부산광역시,사상구,계,104.0,108.7
부산광역시,사상구,"관리자, 전문가",16.6,15.7
부산광역시,사상구,사무종사자,14.7,13.2
부산광역시,사상구,서비스·판매,25.0,27.6
부산광역시,사상구,농림어업,0.0,0.1
부산광역시,사상구,기능·기계조작·조립,32.6,34.0
부산광역시,사상구,단순노무,15.1,18.2
부산광역시,기장군,계,81.8,81.4
부산광역시,기장군,"관리자, 전문가",16.2,16.1
부산광역시,기장군,사무종사자,14.8,13.4
부산광역시,기장군,서비스·판매,22.0,22.9
부산광역시,기장군,농림어업,1.8,2.1
부산광역시,기장군,기능·기계조작·조립,17.6,17.4
부산광역시,기장군,단순노무,9.4,9.5
대구광역시,중구,계,36.5,37.6
대구광역시,중구,"관리자, 전문가",7.7,7.1
대구광역시,중구,사무종사자,5.9,6.1
대구광역시,중구,서비스·판매,11.8,12.4
대구광역시,중구,농림어업,0.0,0.1
대구광역시,중구,기능·기계조작·조립,6.6,7.9
대구광역시,중구,단순노무,4.5,4.1
대구광역시,동구,계,155.1,164.8
대구광역시,동구,"관리자, 전문가",32.1,31.7
대구광역시,동구,사무종사자,29.1,26.4
대구광역시,동구,서비스·판매,37.7,46.7
대구광역시,동구,농림어업,3.5,1.5
대구광역시,동구,기능·기계조작·조립,32.6,35.9
대구광역시,동구,단순노무,20.1,22.5
대구광역시,서구,계,77.6,78.4
대구광역시,서구,"관리자, 전문가",9.7,9.6
대구광역시,서구,사무종사자,11.0,12.1
대구광역시,서구,서비스·판매,18.4,17.8
대구광역시,서구,농림어업,0.5,0.2
대구광역시,서구,기능·기계조작·조립,22.8,23.0
대구광역시,서구,단순노무,15.2,15.7
대구광역시,남구,계,65.0,66.6
대구광역시,남구,"관리자, 전문가",12.5,13.9
대구광역시,남구,사무종사자,8.4,9.3
대구광역시,남구,서비스·판매,20.2,18.1
대구광역시,남구,농림어업,0.3,0.4
대구광역시,남구,기능·기계조작·조립,12.2,12.2
대구광역시,남구,단순노무,11.3,12.8
대구광역시,북구,계,204.2,214.4
대구광역시,북구,"관리자, 전문가",40.1,45.4
대구광역시,북구,사무종사자,37.7,38.1
대구광역시,북구,서비스·판매,55.4,59.3
대구광역시,북구,농림어업,1.2,1.5
대구광역시,북구,기능·기계조작·조립,47.0,45.4
대구광역시,북구,단순노무,22.9,24.7
대구광역시,수성구,계,185.9,185.2
대구광역시,수성구,"관리자, 전문가",59.2,58.7
대구광역시,수성구,사무종사자,39.3,36.4
대구광역시,수성구,서비스·판매,40.6,44.2
대구광역시,수성구,농림어업,1.6,1.1
대구광역시,수성구,기능·기계조작·조립,27.4,25.4
대구광역시,수성구,단순노무,17.8,19.2
대구광역시,달서구,계,267.8,268.9
대구광역시,달서구,"관리자, 전문가",62.5,66.9
대구광역시,달서구,사무종사자,50.7,51.5
대구광역시,달서구,서비스·판매,53.0,51.3
대구광역시,달서구,농림어업,2.2,2.3
대구광역시,달서구,기능·기계조작·조립,66.6,66.4
대구광역시,달서구,단순노무,32.8,30.5
대구광역시,달성군,계,131.7,138.5
대구광역시,달성군,"관리자, 전문가",19.9,22.9
대구광역시,달성군,사무종사자,24.2,21.2
대구광역시,달성군,서비스·판매,22.7,24.0
대구광역시,달성군,농림어업,9.8,10.4
대구광역시,달성군,기능·기계조작·조립,39.5,41.7
대구광역시,달성군,단순노무,15.5,18.1
인천광역시,중구,계,71.3,75.0
인천광역시,중구,"관리자, 전문가",13.3,14.3
인천광역시,중구,사무종사자,14.6,16.2
인천광역시,중구,서비스·판매,16.8,17.8
인천광역시,중구,농림어업,1.4,0.6
인천광역시,중구,기능·기계조작·조립,15.4,16.3
인천광역시,중구,단순노무,9.9,9.7
인천광역시,동구,계,31.1,30.8
인천광역시,동구,"관리자, 전문가",4.0,4.7
인천광역시,동구,사무종사자,5.0,5.0
인천광역시,동구,서비스·판매,7.6,6.9
인천광역시,동구,농림어업,0.1,0.1
인천광역시,동구,기능·기계조작·조립,8.9,8.8
인천광역시,동구,단순노무,5.6,5.4
인천광역시,연수구,계,192.9,198.3
인천광역시,연수구,"관리자, 전문가",55.4,55.5
인천광역시,연수구,사무종사자,45.3,45.5
인천광역시,연수구,서비스·판매,30.7,31.4
인천광역시,연수구,농림어업,0.2,0.3
인천광역시,연수구,기능·기계조작·조립,43.0,44.6
인천광역시,연수구,단순노무,18.5,21.0
인천광역시,남동구,계,256.7,261.8
인천광역시,남동구,"관리자, 전문가",52.5,55.5
인천광역시,남동구,사무종사자,51.8,47.6
인천광역시,남동구,서비스·판매,53.6,56.2
인천광역시,남동구,농림어업,0.8,0.4
인천광역시,남동구,기능·기계조작·조립,64.6,62.4
인천광역시,남동구,단순노무,33.4,39.8
인천광역시,부평구,계,245.7,256.9
인천광역시,부평구,"관리자, 전문가",44.6,52.7
인천광역시,부평구,사무종사자,43.1,46.0
인천광역시,부평구,서비스·판매,62.5,60.8
인천광역시,부평구,농림어업,0.1,0.2
인천광역시,부평구,기능·기계조작·조립,56.8,57.6
인천광역시,부평구,단순노무,38.5,39.7
인천광역시,계양구,계,151.3,154.7
인천광역시,계양구,"관리자, 전문가",27.9,30.5
인천광역시,계양구,사무종사자,26.1,29.4
인천광역시,계양구,서비스·판매,33.8,32.5
인천광역시,계양구,농림어업,0.5,0.4
인천광역시,계양구,기능·기계조작·조립,42.9,41.3
인천광역시,계양구,단순노무,20.1,20.6
인천광역시,서구,계,280.0,302.6
인천광역시,서구,"관리자, 전문가",54.1,61.4
인천광역시,서구,사무종사자,51.8,54.1
인천광역시,서구,서비스·판매,55.9,52.8
인천광역시,서구,농림어업,0.6,0.0
인천광역시,서구,기능·기계조작·조립,79.5,88.2
인천광역시,서구,단순노무,38.3,46.1
인천광역시,미추홀구,계,207.5,217.3
인천광역시,미추홀구,"관리자, 전문가",30.3,34.8
인천광역시,미추홀구,사무종사자,33.0,35.8
인천광역시,미추홀구,서비스·판매,48.8,48.3
인천광역시,미추홀구,농림어업,0.3,0.5
인천광역시,미추홀구,기능·기계조작·조립,57.8,58.8
인천광역시,미추홀구,단순노무,37.2,39.1
인천광역시,강화군,계,38.3,38.7
인천광역시,강화군,"관리자, 전문가",3.7,3.7
인천광역시,강화군,사무종사자,3.8,4.0
인천광역시,강화군,서비스·판매,7.3,7.1
인천광역시,강화군,농림어업,12.3,12.3
인천광역시,강화군,기능·기계조작·조립,6.1,6.3
인천광역시,강화군,단순노무,5.2,5.3
인천광역시,옹진군,계,11.9,12.3
인천광역시,옹진군,"관리자, 전문가",0.5,0.4
인천광역시,옹진군,사무종사자,0.9,1.0
인천광역시,옹진군,서비스·판매,2.7,2.9
인천광역시,옹진군,농림어업,1.5,1.5
인천광역시,옹진군,기능·기계조작·조립,2.2,2.4
인천광역시,옹진군,단순노무,4.0,4.2
광주광역시,동구,계,54.0,56.5
광주광역시,동구,"관리자, 전문가",12.3,12.9
광주광역시,동구,사무종사자,9.1,9.2
광주광역시,동구,서비스·판매,14.2,14.3
광주광역시,동구,농림어업,0.3,0.6
광주광역시,동구,기능·기계조작·조립,8.7,9.5
광주광역시,동구,단순노무,9.3,10.1
광주광역시,서구,계,153.8,153.9
광주광역시,서구,"관리자, 전문가",34.7,36.2
광주광역시,서구,사무종사자,32.6,32.6
광주광역시,서구,서비스·판매,35.7,36.1
광주광역시,서구,농림어업,4.6,4.0
광주광역시,서구,기능·기계조작·조립,26.4,24.0
광주광역시,서구,단순노무,19.7,21.0
광주광역시,남구,계,106.9,108.9
광주광역시,남구,"관리자, 전문가",26.9,26.6
광주광역시,남구,사무종사자,20.7,20.0
광주광역시,남구,서비스·판매,25.0,27.0
광주광역시,남구,농림어업,2.8,2.5
광주광역시,남구,기능·기계조작·조립,17.0,15.9
광주광역시,남구,단순노무,14.5,16.9
광주광역시,북구,계,211.1,216.0
광주광역시,북구,"관리자, 전문가",48.9,51.2
광주광역시,북구,사무종사자,36.5,40.2
광주광역시,북구,서비스·판매,48.3,49.7
광주광역시,북구,농림어업,2.3,1.9
광주광역시,북구,기능·기계조작·조립,44.5,44.6
광주광역시,북구,단순노무,30.5,28.5
광주광역시,광산구,계,212.8,211.6
광주광역시,광산구,"관리자, 전문가",34.4,35.5
광주광역시,광산구,사무종사자,43.2,42.4
광주광역시,광산구,서비스·판매,40.6,39.7
광주광역시,광산구,농림어업,7.3,6.6
광주광역시,광산구,기능·기계조작·조립,61.2,59.8
광주광역시,광산구,단순노무,26.1,27.6
대전광역시,동구,계,106.4,111.1
대전광역시,동구,"관리자, 전문가",15.9,20.5
대전광역시,동구,사무종사자,18.5,17.9
대전광역시,동구,서비스·판매,27.1,27.5
대전광역시,동구,농림어업,1.5,1.8
대전광역시,동구,기능·기계조작·조립,24.1,23.2
대전광역시,동구,단순노무,19.3,20.1
대전광역시,중구,계,114.6,116.4
대전광역시,중구,"관리자, 전문가",24.6,26.7
대전광역시,중구,사무종사자,21.7,22.9
대전광역시,중구,서비스·판매,28.1,27.6
대전광역시,중구,농림어업,2.5,2.8
대전광역시,중구,기능·기계조작·조립,22.2,20.7
대전광역시,중구,단순노무,15.5,15.7
대전광역시,서구,계,242.2,240.9
대전광역시,서구,"관리자, 전문가",68.4,72.2
대전광역시,서구,사무종사자,52.6,54.1
대전광역시,서구,서비스·판매,52.6,49.8
대전광역시,서구,농림어업,1.7,1.8
대전광역시,서구,기능·기계조작·조립,39.5,37.8
대전광역시,서구,단순노무,27.4,25.1
대전광역시,유성구,계,189.0,197.9
대전광역시,유성구,"관리자, 전문가",71.8,79.5
대전광역시,유성구,사무종사자,33.8,37.1
대전광역시,유성구,서비스·판매,35.2,35.1
대전광역시,유성구,농림어업,2.5,3.1
대전광역시,유성구,기능·기계조작·조립,28.8,25.9
대전광역시,유성구,단순노무,16.9,17.2
대전광역시,대덕구,계,87.2,93.6
대전광역시,대덕구,"관리자, 전문가",12.1,14.5
대전광역시,대덕구,사무종사자,13.8,13.5
대전광역시,대덕구,서비스·판매,20.8,21.8
대전광역시,대덕구,농림어업,1.0,1.0
대전광역시,대덕구,기능·기계조작·조립,24.3,24.9
대전광역시,대덕구,단순노무,15.1,17.9
울산광역시,중구,계,97.9,99.7
울산광역시,중구,"관리자, 전문가",15.6,18.8
울산광역시,중구,사무종사자,16.2,15.9
울산광역시,중구,서비스·판매,21.9,20.9
울산광역시,중구,농림어업,0.7,0.5
울산광역시,중구,기능·기계조작·조립,31.0,30.1
울산광역시,중구,단순노무,12.4,13.5
울산광역시,남구,계,152.7,154.7
울산광역시,남구,"관리자, 전문가",30.2,33.9
울산광역시,남구,사무종사자,29.4,31.1
울산광역시,남구,서비스·판매,32.5,32.0
울산광역시,남구,농림어업,0.6,0.8
울산광역시,남구,기능·기계조작·조립,43.0,41.6
울산광역시,남구,단순노무,17.0,15.4
울산광역시,동구,계,71.3,74.0
울산광역시,동구,"관리자, 전문가",11.3,11.8
울산광역시,동구,사무종사자,9.7,10.5
울산광역시,동구,서비스·판매,13.2,11.6
울산광역시,동구,농림어업,0.4,0.5
울산광역시,동구,기능·기계조작·조립,29.5,30.3
울산광역시,동구,단순노무,7.3,9.2
울산광역시,북구,계,104.2,106.3
울산광역시,북구,"관리자, 전문가",13.5,15.7
울산광역시,북구,사무종사자,15.8,17.3
울산광역시,북구,서비스·판매,18.1,16.0
울산광역시,북구,농림어업,1.2,1.6
울산광역시,북구,기능·기계조작·조립,45.2,45.6
울산광역시,북구,단순노무,10.6,10.0
울산광역시,울주군,계,110.9,115.6
울산광역시,울주군,"관리자, 전문가",19.7,18.2
울산광역시,울주군,사무종사자,16.5,17.3
울산광역시,울주군,서비스·판매,20.0,21.3
울산광역시,울주군,농림어업,4.2,4.7
울산광역시,울주군,기능·기계조작·조립,35.0,37.1
울산광역시,울주군,단순노무,15.5,16.9
경기도,수원시,계,608.5,641.5
경기도,수원시,"관리자, 전문가",198.8,214.1
경기도,수원시,사무종사자,128.0,123.1
경기도,수원시,서비스·판매,95.1,101.4
경기도,수원시,농림어업,0.5,1.7
경기도,수원시,기능·기계조작·조립,99.0,112.4
경기도,수원시,단순노무,87.1,88.6
경기도,성남시,계,471.4,482.7
경기도,성남시,"관리자, 전문가",159.2,160.3
경기도,성남시,사무종사자,102.0,102.7
경기도,성남시,서비스·판매,84.1,83.9
경기도,성남시,농림어업,1.1,1.2
경기도,성남시,기능·기계조작·조립,62.7,63.9
경기도,성남시,단순노무,62.4,70.6
경기도,의정부시,계,217.6,222.7
경기도,의정부시,"관리자, 전문가",43.6,48.6
경기도,의정부시,사무종사자,41.7,37.4
경기도,의정부시,서비스·판매,52.0,57.4
경기도,의정부시,농림어업,0.9,0.6
경기도,의정부시,기능·기계조작·조립,45.7,48.7
경기도,의정부시,단순노무,33.6,30.0
경기도,안양시,계,277.2,279.8
경기도,안양시,"관리자, 전문가",93.1,99.3
경기도,안양시,사무종사자,65.9,63.0
경기도,안양시,서비스·판매,53.4,51.2
경기도,안양시,농림어업,0.2,0.9
경기도,안양시,기능·기계조작·조립,39.3,38.2
경기도,안양시,단순노무,25.3,27.3
경기도,부천시,계,427.2,429.3
경기도,부천시,"관리자, 전문가",97.9,100.7
경기도,부천시,사무종사자,86.6,88.5
경기도,부천시,서비스·판매,92.7,89.0
경기도,부천시,농림어업,0.7,0.5
경기도,부천시,기능·기계조작·조립,101.7,98.6
경기도,부천시,단순노무,47.7,52.0
경기도,광명시,계,142.2,144.0
경기도,광명시,"관리자, 전문가",38.8,42.1
경기도,광명시,사무종사자,32.4,30.7
경기도,광명시,서비스·판매,30.2,30.4
경기도,광명시,농림어업,1.6,1.4
경기도,광명시,기능·기계조작·조립,24.9,23.7
경기도,광명시,단순노무,14.3,15.7
경기도,평택시,계,286.0,317.0
경기도,평택시,"관리자, 전문가",43.3,51.0
경기도,평택시,사무종사자,50.1,64.6
경기도,평택시,서비스·판매,52.5,58.3
경기도,평택시,농림어업,6.5,7.1
경기도,평택시,기능·기계조작·조립,89.8,94.2
경기도,평택시,단순노무,43.8,41.8
경기도,동두천시,계,43.4,46.9
경기도,동두천시,"관리자, 전문가",6.3,6.8
경기도,동두천시,사무종사자,5.8,7.1
경기도,동두천시,서비스·판매,11.9,11.7
경기도,동두천시,농림어업,0.2,0.3
경기도,동두천시,기능·기계조작·조립,12.2,12.9
경기도,동두천시,단순노무,6.9,8.1
경기도,안산시,계,365.7,387.8
경기도,안산시,"관리자, 전문가",59.1,60.4
경기도,안산시,사무종사자,67.9,72.7
경기도,안산시,서비스·판매,74.9,76.8
경기도,안산시,농림어업,1.0,1.4
경기도,안산시,기능·기계조작·조립,109.5,116.9
경기도,안산시,단순노무,53.4,59.6
경기도,고양시,계,523.0,555.0
경기도,고양시,"관리자, 전문가",159.4,182.6
경기도,고양시,사무종사자,120.6,116.4
경기도,고양시,서비스·판매,118.6,112.2
경기도,고양시,농림어업,4.1,2.5
경기도,고양시,기능·기계조작·조립,73.4,78.7
경기도,고양시,단순노무,46.9,62.7
경기도,과천시,계,29.8,37.0
경기도,과천시,"관리자, 전문가",13.5,16.4
경기도,과천시,사무종사자,7.1,9.7
경기도,과천시,서비스·판매,4.9,6.3
경기도,과천시,농림어업,0.1,0.0
경기도,과천시,기능·기계조작·조립,1.8,2.1
경기도,과천시,단순노무,2.3,2.3
경기도,구리시,계,97.3,98.5
경기도,구리시,"관리자, 전문가",23.9,25.2
경기도,구리시,사무종사자,18.5,18.9
경기도,구리시,서비스·판매,23.2,24.4
경기도,구리시,농림어업,0.2,0.2
경기도,구리시,기능·기계조작·조립,18.3,16.6
경기도,구리시,단순노무,13.2,13.1
경기도,남양주시,계,326.2,341.2
경기도,남양주시,"관리자, 전문가",81.4,80.5
경기도,남양주시,사무종사자,51.5,56.8
경기도,남양주시,서비스·판매,79.5,80.2
경기도,남양주시,농림어업,1.0,2.7
경기도,남양주시,기능·기계조작·조립,70.8,70.2
경기도,남양주시,단순노무,41.9,50.8
경기도,오산시,계,126.0,128.3
경기도,오산시,"관리자, 전문가",27.1,26.7
경기도,오산시,사무종사자,23.5,24.3
경기도,오산시,서비스·판매,19.5,20.8
경기도,오산시,농림어업,1.5,1.0
경기도,오산시,기능·기계조작·조립,36.1,38.1
경기도,오산시,단순노무,18.4,17.4
경기도,시흥시,계,279.4,301.3
경기도,시흥시,"관리자, 전문가",41.6,46.0
경기도,시흥시,사무종사자,46.6,47.1
경기도,시흥시,서비스·판매,45.5,47.6
경기도,시흥시,농림어업,2.0,2.5
경기도,시흥시,기능·기계조작·조립,97.1,106.0
경기도,시흥시,단순노무,46.7,52.1
경기도,군포시,계,136.0,141.3
경기도,군포시,"관리자, 전문가",42.2,44.4
경기도,군포시,사무종사자,27.1,26.4
경기도,군포시,서비스·판매,26.8,27.7
경기도,군포시,농림어업,0.8,0.5
경기도,군포시,기능·기계조작·조립,24.9,27.1
경기도,군포시,단순노무,14.2,15.1
경기도,의왕시,계,80.7,82.1
경기도,의왕시,"관리자, 전문가",24.5,26.9
경기도,의왕시,사무종사자,20.1,19.5
경기도,의왕시,서비스·판매,15.3,14.7
경기도,의왕시,농림어업,0.4,0.3
경기도,의왕시,기능·기계조작·조립,11.1,11.3
경기도,의왕시,단순노무,9.2,9.4
경기도,하남시,계,154.5,171.9
경기도,하남시,"관리자, 전문가",39.0,45.0
경기도,하남시,사무종사자,31.2,32.5
경기도,하남시,서비스·판매,37.6,41.6
경기도,하남시,농림어업,1.6,1.9
경기도,하남시,기능·기계조작·조립,25.5,27.9
경기도,하남시,단순노무,19.5,22.9
경기도,용인시,계,511.7,532.4
경기도,용인시,"관리자, 전문가",186.2,196.5
경기도,용인시,사무종사자,119.7,113.7
경기도,용인시,서비스·판매,95.4,93.8
경기도,용인시,농림어업,4.5,4.7
경기도,용인시,기능·기계조작·조립,60.1,70.8
경기도,용인시,단순노무,45.6,52.9
경기도,파주시,계,231.4,252.0
경기도,파주시,"관리자, 전문가",51.2,50.8
경기도,파주시,사무종사자,54.3,60.8
경기도,파주시,서비스·판매,43.9,49.4
경기도,파주시,농림어업,7.9,6.1
경기도,파주시,기능·기계조작·조립,45.0,54.1
경기도,파주시,단순노무,29.1,30.8
경기도,이천시,계,127.0,135.5
경기도,이천시,"관리자, 전문가",17.4,18.6
경기도,이천시,사무종사자,21.7,22.0
경기도,이천시,서비스·판매,20.1,20.3
경기도,이천시,농림어업,11.1,12.7
경기도,이천시,기능·기계조작·조립,35.7,38.2
경기도,이천시,단순노무,21.0,23.6
경기도,안성시,계,112.9,117.7
경기도,안성시,"관리자, 전문가",11.5,14.5
경기도,안성시,사무종사자,16.8,19.4
경기도,안성시,서비스·판매,23.1,22.0
경기도,안성시,농림어업,10.6,10.1
경기도,안성시,기능·기계조작·조립,31.0,32.2
경기도,안성시,단순노무,19.8,19.6
경기도,김포시,계,237.5,254.9
경기도,김포시,"관리자, 전문가",59.3,63.8
경기도,김포시,사무종사자,52.1,57.4
경기도,김포시,서비스·판매,47.6,50.7
경기도,김포시,농림어업,10.4,8.4
경기도,김포시,기능·기계조작·조립,44.0,43.9
경기도,김포시,단순노무,24.1,30.6
경기도,화성시,계,473.3,498.3
경기도,화성시,"관리자, 전문가",133.0,148.8
경기도,화성시,사무종사자,89.0,91.7
경기도,화성시,서비스·판매,57.6,64.0
경기도,화성시,농림어업,26.4,23.8
경기도,화성시,기능·기계조작·조립,116.5,119.1
경기도,화성시,단순노무,50.8,50.8
경기도,광주시,계,201.6,214.2
경기도,광주시,"관리자, 전문가",45.6,48.6
경기도,광주시,사무종사자,35.8,37.9
경기도,광주시,서비스·판매,38.3,46.5
경기도,광주시,농림어업,1.6,1.5
경기도,광주시,기능·기계조작·조립,50.0,51.9
경기도,광주시,단순노무,30.2,27.8
경기도,양주시,계,112.5,115.9
경기도,양주시,"관리자, 전문가",17.4,18.0
경기도,양주시,사무종사자,19.1,18.6
경기도,양주시,서비스·판매,27.5,28.5
경기도,양주시,농림어업,3.1,3.9
경기도,양주시,기능·기계조작·조립,30.1,30.3
경기도,양주시,단순노무,15.3,16.7
경기도,포천시,계,84.8,90.0
경기도,포천시,"관리자, 전문가",8.4,8.7
경기도,포천시,사무종사자,9.8,11.6
경기도,포천시,서비스·판매,17.7,16.7
경기도,포천시,농림어업,9.9,12.5
경기도,포천시,기능·기계조작·조립,25.0,26.9
경기도,포천시,단순노무,14.1,13.7
경기도,여주시,계,62.5,63.6
경기도,여주시,"관리자, 전문가",8.0,8.4
경기도,여주시,사무종사자,8.1,9.1
경기도,여주시,서비스·판매,10.8,11.3
경기도,여주시,농림어업,11.8,10.8
경기도,여주시,기능·기계조작·조립,13.2,13.8
경기도,여주시,단순노무,10.7,10.1
경기도,연천군,계,22.3,21.7
경기도,연천군,"관리자, 전문가",2.2,2.4
경기도,연천군,사무종사자,2.8,2.5
경기도,연천군,서비스·판매,4.5,4.5
경기도,연천군,농림어업,5.4,5.3
경기도,연천군,기능·기계조작·조립,4.5,3.8
경기도,연천군,단순노무,2.9,3.1
경기도,가평군,계,31.9,32.5
경기도,가평군,"관리자, 전문가",4.3,4.3
경기도,가평군,사무종사자,3.1,3.4
경기도,가평군,서비스·판매,10.6,10.2
경기도,가평군,농림어업,4.1,4.3
경기도,가평군,기능·기계조작·조립,4.5,4.4
경기도,가평군,단순노무,5.3,5.8
경기도,양평군,계,60.5,63.3
경기도,양평군,"관리자, 전문가",10.4,12.2
경기도,양평군,사무종사자,8.2,8.9
경기도,양평군,서비스·판매,12.9,12.8
경기도,양평군,농림어업,11.7,11.0
경기도,양평군,기능·기계조작·조립,9.0,9.4
경기도,양평군,단순노무,8.2,8.9
강원도,춘천시,계,142.6,147.9
강원도,춘천시,"관리자, 전문가",31.6,31.6
강원도,춘천시,사무종사자,25.0,27.0
강원도,춘천시,서비스·판매,36.8,40.5
강원도,춘천시,농림어업,5.2,5.6
강원도,춘천시,기능·기계조작·조립,25.5,25.5
강원도,춘천시,단순노무,18.6,17.7
강원도,원주시,계,182.7,185.1
강원도,원주시,"관리자, 전문가",33.6,34.3
강원도,원주시,사무종사자,32.1,33.0
강원도,원주시,서비스·판매,47.0,46.2
강원도,원주시,농림어업,12.1,12.2
강원도,원주시,기능·기계조작·조립,32.0,30.9
강원도,원주시,단순노무,26.0,28.7
강원도,강릉시,계,112.8,118.7
강원도,강릉시,"관리자, 전문가",18.6,19.4
강원도,강릉시,사무종사자,16.7,18.3
강원도,강릉시,서비스·판매,28.2,28.8
강원도,강릉시,농림어업,9.0,9.6
강원도,강릉시,기능·기계조작·조립,19.3,20.0
강원도,강릉시,단순노무,21.0,22.6
강원도,동해시,계,44.4,45.1
강원도,동해시,"관리자, 전문가",6.1,6.8
강원도,동해시,사무종사자,4.5,5.7
강원도,동해시,서비스·판매,11.5,11.5
강원도,동해시,농림어업,3.3,3.6
강원도,동해시,기능·기계조작·조립,9.5,8.0
강원도,동해시,단순노무,9.5,9.5
강원도,태백시,계,22.1,21.6
강원도,태백시,"관리자, 전문가",2.5,2.7
강원도,태백시,사무종사자,2.9,3.2
강원도,태백시,서비스·판매,6.3,5.9
강원도,태백시,농림어업,0.5,0.5
강원도,태백시,기능·기계조작·조립,4.5,4.3
강원도,태백시,단순노무,5.4,5.1
강원도,속초시,계,41.3,42.8
강원도,속초시,"관리자, 전문가",5.0,5.4
강원도,속초시,사무종사자,5.9,6.0
강원도,속초시,서비스·판매,13.8,14.1
강원도,속초시,농림어업,1.6,1.6
강원도,속초시,기능·기계조작·조립,6.7,6.5
강원도,속초시,단순노무,8.3,9.1
강원도,삼척시,계,34.2,35.4
강원도,삼척시,"관리자, 전문가",4.3,4.0
강원도,삼척시,사무종사자,4.5,4.5
강원도,삼척시,서비스·판매,7.6,8.4
강원도,삼척시,농림어업,2.8,3.4
강원도,삼척시,기능·기계조작·조립,6.2,6.1
강원도,삼척시,단순노무,8.8,8.9
강원도,홍천군,계,39.9,40.3
강원도,홍천군,"관리자, 전문가",3.8,3.6
강원도,홍천군,사무종사자,5.0,4.7
강원도,홍천군,서비스·판매,7.3,7.9
강원도,홍천군,농림어업,10.9,10.9
강원도,홍천군,기능·기계조작·조립,5.0,4.3
강원도,홍천군,단순노무,7.9,8.9
강원도,횡성군,계,25.9,26.5
강원도,횡성군,"관리자, 전문가",1.8,2.0
강원도,횡성군,사무종사자,3.2,3.0
강원도,횡성군,서비스·판매,4.4,5.0
강원도,횡성군,농림어업,8.8,9.1
강원도,횡성군,기능·기계조작·조립,3.4,3.0
강원도,횡성군,단순노무,4.4,4.5
강원도,영월군,계,21.5,21.6
강원도,영월군,"관리자, 전문가",2.0,2.1
강원도,영월군,사무종사자,2.8,2.8
강원도,영월군,서비스·판매,4.3,4.0
강원도,영월군,농림어업,5.6,5.2
강원도,영월군,기능·기계조작·조립,2.6,2.7
강원도,영월군,단순노무,4.2,4.9
강원도,평창군,계,24.9,26.1
강원도,평창군,"관리자, 전문가",2.0,1.9
강원도,평창군,사무종사자,3.1,3.0
강원도,평창군,서비스·판매,4.6,4.6
강원도,평창군,농림어업,7.9,7.9
강원도,평창군,기능·기계조작·조립,3.0,3.0
강원도,평창군,단순노무,4.5,5.6
강원도,정선군,계,21.2,21.3
강원도,정선군,"관리자, 전문가",1.7,1.4
강원도,정선군,사무종사자,2.9,3.1
강원도,정선군,서비스·판매,5.5,5.6
강원도,정선군,농림어업,3.3,3.1
강원도,정선군,기능·기계조작·조립,3.3,3.3
강원도,정선군,단순노무,4.5,4.8
강원도,철원군,계,21.1,21.4
강원도,철원군,"관리자, 전문가",1.9,1.9
강원도,철원군,사무종사자,2.0,2.2
강원도,철원군,서비스·판매,5.1,5.4
강원도,철원군,농림어업,6.3,6.1
강원도,철원군,기능·기계조작·조립,2.4,2.2
강원도,철원군,단순노무,3.3,3.6
강원도,화천군,계,12.1,12.3
강원도,화천군,"관리자, 전문가",0.9,1.1
강원도,화천군,사무종사자,1.5,1.3
강원도,화천군,서비스·판매,2.5,2.5
강원도,화천군,농림어업,2.8,2.7
강원도,화천군,기능·기계조작·조립,1.2,1.2
강원도,화천군,단순노무,3.2,3.5
강원도,양구군,계,11.5,11.2
강원도,양구군,"관리자, 전문가",0.8,0.8
강원도,양구군,사무종사자,1.5,1.6
강원도,양구군,서비스·판매,2.7,2.6
강원도,양구군,농림어업,3.0,2.9
강원도,양구군,기능·기계조작·조립,1.2,1.2
강원도,양구군,단순노무,2.2,2.0
강원도,인제군,계,16.6,16.7
강원도,인제군,"관리자, 전문가",1.2,1.4
강원도,인제군,사무종사자,2.0,2.1
강원도,인제군,서비스·판매,3.9,4.1
강원도,인제군,농림어업,3.0,3.1
강원도,인제군,기능·기계조작·조립,2.6,2.6
강원도,인제군,단순노무,3.9,3.5
강원도,고성군,계,16.4,17.4
강원도,고성군,"관리자, 전문가",0.6,0.8
강원도,고성군,사무종사자,2.2,2.2
강원도,고성군,서비스·판매,3.8,4.2
강원도,고성군,농림어업,3.6,3.7
강원도,고성군,기능·기계조작·조립,2.3,2.1
강원도,고성군,단순노무,3.9,4.4
강원도,양양군,계,16.2,16.9
강원도,양양군,"관리자, 전문가",1.2,1.2
강원도,양양군,사무종사자,1.8,1.9
강원도,양양군,서비스·판매,4.2,4.5
강원도,양양군,농림어업,3.8,3.9
강원도,양양군,기능·기계조작·조립,2.0,2.1
강원도,양양군,단순노무,3.2,3.2
충청북도,청주시,계,443.4,466.7
충청북도,청주시,"관리자, 전문가",90.2,95.7
충청북도,청주시,사무종사자,86.7,88.5
충청북도,청주시,서비스·판매,88.9,94.0
충청북도,청주시,농림어업,14.7,15.5
충청북도,청주시,기능·기계조작·조립,111.0,119.1
충청북도,청주시,단순노무,51.9,53.8
충청북도,충주시,계,117.4,121.9
충청북도,충주시,"관리자, 전문가",16.0,15.1
충청북도,충주시,사무종사자,15.4,17.0
충청북도,충주시,서비스·판매,25.0,25.8
충청북도,충주시,농림어업,17.8,17.8
충청북도,충주시,기능·기계조작·조립,27.7,28.1
충청북도,충주시,단순노무,15.6,18.1
충청북도,제천시,계,70.9,71.6
충청북도,제천시,"관리자, 전문가",8.6,8.6
충청북도,제천시,사무종사자,10.6,8.8
충청북도,제천시,서비스·판매,13.9,15.4
충청북도,제천시,농림어업,9.0,9.6
충청북도,제천시,기능·기계조작·조립,16.7,17.4
충청북도,제천시,단순노무,12.1,11.8
충청북도,보은군,계,19.7,19.1
충청북도,보은군,"관리자, 전문가",1.0,0.9
충청북도,보은군,사무종사자,1.3,1.3
충청북도,보은군,서비스·판매,3.3,3.1
충청북도,보은군,농림어업,8.4,8.0
충청북도,보은군,기능·기계조작·조립,3.1,3.0
충청북도,보은군,단순노무,2.6,2.7
충청북도,옥천군,계,27.7,28.8
충청북도,옥천군,"관리자, 전문가",2.4,2.7
충청북도,옥천군,사무종사자,2.9,3.0
충청북도,옥천군,서비스·판매,4.9,4.3
충청북도,옥천군,농림어업,7.9,8.5
충청북도,옥천군,기능·기계조작·조립,5.3,5.5
충청북도,옥천군,단순노무,4.3,4.7
충청북도,영동군,계,26.9,26.9
충청북도,영동군,"관리자, 전문가",2.3,2.4
충청북도,영동군,사무종사자,2.6,2.5
충청북도,영동군,서비스·판매,4.6,4.2
충청북도,영동군,농림어업,11.2,12.0
충청북도,영동군,기능·기계조작·조립,3.4,3.2
충청북도,영동군,단순노무,2.9,2.6
충청북도,진천군,계,54.4,56.6
충청북도,진천군,"관리자, 전문가",4.7,5.1
충청북도,진천군,사무종사자,10.8,10.5
충청북도,진천군,서비스·판매,6.8,6.5
충청북도,진천군,농림어업,8.2,9.1
충청북도,진천군,기능·기계조작·조립,15.6,17.5
충청북도,진천군,단순노무,8.3,8.0
충청북도,괴산군,계,24.5,24.1
충청북도,괴산군,"관리자, 전문가",1.7,1.5
충청북도,괴산군,사무종사자,2.1,1.9
충청북도,괴산군,서비스·판매,4.6,4.2
충청북도,괴산군,농림어업,10.7,11.2
충청북도,괴산군,기능·기계조작·조립,3.3,3.5
충청북도,괴산군,단순노무,2.2,1.9
충청북도,음성군,계,62.1,61.7
충청북도,음성군,"관리자, 전문가",5.3,5.4
충청북도,음성군,사무종사자,9.2,7.7
충청북도,음성군,서비스·판매,8.5,8.7
충청북도,음성군,농림어업,12.6,13.0
충청북도,음성군,기능·기계조작·조립,16.4,17.3
충청북도,음성군,단순노무,10.1,9.6
충청북도,단양군,계,15.6,16.0
충청북도,단양군,"관리자, 전문가",1.2,1.2
충청북도,단양군,사무종사자,2.0,1.9
충청북도,단양군,서비스·판매,3.3,3.7
충청북도,단양군,농림어업,3.9,4.2
충청북도,단양군,기능·기계조작·조립,2.8,2.7
충청북도,단양군,단순노무,2.4,2.3
충청북도,증평군,계,20.1,20.8
충청북도,증평군,"관리자, 전문가",2.6,2.3
충청북도,증평군,사무종사자,2.9,3.0
충청북도,증평군,서비스·판매,3.7,3.7
충청북도,증평군,농림어업,2.0,1.7
충청북도,증평군,기능·기계조작·조립,5.4,6.0
충청북도,증평군,단순노무,3.6,4.1
충청남도,천안시,계,371.2,378.4
충청남도,천안시,"관리자, 전문가",71.5,73.1
충청남도,천안시,사무종사자,69.0,71.6
충청남도,천안시,서비스·판매,67.5,70.4
충청남도,천안시,농림어업,14.6,15.3
충청남도,천안시,기능·기계조작·조립,101.1,93.9
충청남도,천안시,단순노무,47.5,54.1
충청남도,공주시,계,59.9,61.4
충청남도,공주시,"관리자, 전문가",8.6,9.0
충청남도,공주시,사무종사자,6.0,6.5
충청남도,공주시,서비스·판매,10.2,9.4
충청남도,공주시,농림어업,17.2,18.1
충청남도,공주시,기능·기계조작·조립,9.2,10.1
충청남도,공주시,단순노무,8.8,8.2
충청남도,보령시,계,54.7,59.0
충청남도,보령시,"관리자, 전문가",6.5,6.5
충청남도,보령시,사무종사자,7.0,7.4
충청남도,보령시,서비스·판매,12.3,13.3
충청남도,보령시,농림어업,11.3,12.0
충청남도,보령시,기능·기계조작·조립,10.1,11.0
충청남도,보령시,단순노무,7.5,8.9
충청남도,아산시,계,184.4,193.1
충청남도,아산시,"관리자, 전문가",30.4,29.7
충청남도,아산시,사무종사자,32.9,33.2
충청남도,아산시,서비스·판매,24.7,29.8
충청남도,아산시,농림어업,12.5,11.8
충청남도,아산시,기능·기계조작·조립,59.7,63.9
충청남도,아산시,단순노무,24.3,24.7
충청남도,서산시,계,100.9,102.7
충청남도,서산시,"관리자, 전문가",11.7,12.0
충청남도,서산시,사무종사자,12.0,12.9
충청남도,서산시,서비스·판매,16.9,17.9
충청남도,서산시,농림어업,22.4,22.5
충청남도,서산시,기능·기계조작·조립,28.1,27.9
충청남도,서산시,단순노무,9.8,9.4
충청남도,논산시,계,65.0,65.7
충청남도,논산시,"관리자, 전문가",6.6,8.2
충청남도,논산시,사무종사자,7.3,7.1
충청남도,논산시,서비스·판매,12.4,10.5
충청남도,논산시,농림어업,19.1,19.4
충청남도,논산시,기능·기계조작·조립,11.5,10.8
충청남도,논산시,단순노무,7.9,9.6
충청남도,계룡시,계,18.1,18.0
충청남도,계룡시,"관리자, 전문가",4.6,4.7
충청남도,계룡시,사무종사자,3.2,3.1
충청남도,계룡시,서비스·판매,4.5,4.3
충청남도,계룡시,농림어업,0.6,0.6
충청남도,계룡시,기능·기계조작·조립,2.3,2.5
충청남도,계룡시,단순노무,2.9,2.8
충청남도,당진시,계,98.3,100.0
충청남도,당진시,"관리자, 전문가",11.3,12.3
충청남도,당진시,사무종사자,11.7,12.6
충청남도,당진시,서비스·판매,12.9,13.1
충청남도,당진시,농림어업,21.7,21.9
충청남도,당진시,기능·기계조작·조립,29.7,29.1
충청남도,당진시,단순노무,10.9,11.0
충청남도,금산군,계,32.3,31.6
충청남도,금산군,"관리자, 전문가",1.8,2.4
충청남도,금산군,사무종사자,2.5,2.8
충청남도,금산군,서비스·판매,6.6,6.4
충청남도,금산군,농림어업,10.6,10.1
충청남도,금산군,기능·기계조작·조립,5.5,4.8
충청남도,금산군,단순노무,5.3,5.1
충청남도,부여군,계,38.0,38.4
충청남도,부여군,"관리자, 전문가",2.9,3.1
충청남도,부여군,사무종사자,3.2,3.5
충청남도,부여군,서비스·판매,5.3,5.3
충청남도,부여군,농림어업,17.3,17.4
충청남도,부여군,기능·기계조작·조립,4.0,4.4
충청남도,부여군,단순노무,5.2,4.8
충청남도,서천군,계,30.5,30.0
충청남도,서천군,"관리자, 전문가",2.3,2.3
충청남도,서천군,사무종사자,3.0,3.4
충청남도,서천군,서비스·판매,6.1,5.9
충청남도,서천군,농림어업,10.1,9.1
충청남도,서천군,기능·기계조작·조립,4.4,4.3
충청남도,서천군,단순노무,4.6,5.0
충청남도,청양군,계,21.7,21.6
충청남도,청양군,"관리자, 전문가",1.2,1.2
충청남도,청양군,사무종사자,1.7,1.8
충청남도,청양군,서비스·판매,2.8,3.1
충청남도,청양군,농림어업,11.3,10.8
충청남도,청양군,기능·기계조작·조립,2.6,2.6
충청남도,청양군,단순노무,2.1,2.0
충청남도,홍성군,계,57.7,58.2
충청남도,홍성군,"관리자, 전문가",7.2,7.1
충청남도,홍성군,사무종사자,7.3,8.9
충청남도,홍성군,서비스·판매,11.4,11.3
충청남도,홍성군,농림어업,17.1,15.4
충청남도,홍성군,기능·기계조작·조립,8.6,10.2
충청남도,홍성군,단순노무,6.1,5.3
충청남도,예산군,계,44.9,46.6
충청남도,예산군,"관리자, 전문가",4.3,3.9
충청남도,예산군,사무종사자,4.2,5.2
충청남도,예산군,서비스·판매,7.8,8.4
충청남도,예산군,농림어업,16.6,17.0
충청남도,예산군,기능·기계조작·조립,7.6,8.0
충청남도,예산군,단순노무,4.3,4.1
충청남도,태안군,계,37.9,38.6
충청남도,태안군,"관리자, 전문가",2.6,2.7
충청남도,태안군,사무종사자,3.4,4.0
충청남도,태안군,서비스·판매,6.8,6.5
충청남도,태안군,농림어업,16.0,16.2
충청남도,태안군,기능·기계조작·조립,5.0,4.9
충청남도,태안군,단순노무,4.1,4.3
전라북도,전주시,계,331.7,345.6
전라북도,전주시,"관리자, 전문가",76.8,77.8
전라북도,전주시,사무종사자,57.9,62.0
전라북도,전주시,서비스·판매,80.0,82.2
전라북도,전주시,농림어업,9.4,12.7
전라북도,전주시,기능·기계조작·조립,60.2,60.1
전라북도,전주시,단순노무,47.4,50.8
전라북도,군산시,계,128.2,128.4
전라북도,군산시,"관리자, 전문가",20.0,20.2
전라북도,군산시,사무종사자,16.2,17.6
전라북도,군산시,서비스·판매,29.3,29.4
전라북도,군산시,농림어업,8.9,9.7
전라북도,군산시,기능·기계조작·조립,36.2,33.4
전라북도,군산시,단순노무,17.6,18.1
전라북도,익산시,계,139.1,141.8
전라북도,익산시,"관리자, 전문가",23.4,26.0
전라북도,익산시,사무종사자,17.5,19.4
전라북도,익산시,서비스·판매,28.8,27.9
전라북도,익산시,농림어업,16.3,15.9
전라북도,익산시,기능·기계조작·조립,34.8,33.9
전라북도,익산시,단순노무,18.2,18.9
전라북도,정읍시,계,59.5,59.4
전라북도,정읍시,"관리자, 전문가",6.0,5.8
전라북도,정읍시,사무종사자,6.0,6.4
전라북도,정읍시,서비스·판매,9.5,9.8
전라북도,정읍시,농림어업,18.1,18.2
전라북도,정읍시,기능·기계조작·조립,11.0,10.0
전라북도,정읍시,단순노무,8.8,9.1
전라북도,남원시,계,45.3,45.7
전라북도,남원시,"관리자, 전문가",6.0,5.9
전라북도,남원시,사무종사자,4.9,5.6
전라북도,남원시,서비스·판매,7.5,8.1
전라북도,남원시,농림어업,14.7,13.5
전라북도,남원시,기능·기계조작·조립,6.0,5.9
전라북도,남원시,단순노무,6.3,6.7
전라북도,김제시,계,44.1,45.2
전라북도,김제시,"관리자, 전문가",4.5,4.7
전라북도,김제시,사무종사자,4.6,4.5
전라북도,김제시,서비스·판매,7.3,7.1
전라북도,김제시,농림어업,14.1,15.1
전라북도,김제시,기능·기계조작·조립,6.8,6.5
전라북도,김제시,단순노무,6.7,7.2
전라북도,완주군,계,51.1,51.2
전라북도,완주군,"관리자, 전문가",6.0,6.9
전라북도,완주군,사무종사자,6.6,6.6
전라북도,완주군,서비스·판매,7.3,7.2
전라북도,완주군,농림어업,14.7,14.0
전라북도,완주군,기능·기계조작·조립,10.0,10.0
전라북도,완주군,단순노무,6.6,6.4
전라북도,진안군,계,14.4,14.6
전라북도,진안군,"관리자, 전문가",0.7,0.7
전라북도,진안군,사무종사자,1.3,1.5
전라북도,진안군,서비스·판매,2.0,2.1
전라북도,진안군,농림어업,6.2,6.0
전라북도,진안군,기능·기계조작·조립,1.6,1.8
전라북도,진안군,단순노무,2.4,2.6
전라북도,무주군,계,14.9,14.9
전라북도,무주군,"관리자, 전문가",1.3,1.1
전라북도,무주군,사무종사자,1.4,1.5
전라북도,무주군,서비스·판매,2.7,2.7
전라북도,무주군,농림어업,5.5,5.3
전라북도,무주군,기능·기계조작·조립,1.3,1.2
전라북도,무주군,단순노무,2.7,3.0
전라북도,장수군,계,14.5,14.6
전라북도,장수군,"관리자, 전문가",0.6,0.8
전라북도,장수군,사무종사자,1.4,1.1
전라북도,장수군,서비스·판매,1.7,1.9
전라북도,장수군,농림어업,5.4,5.5
전라북도,장수군,기능·기계조작·조립,1.4,1.3
전라북도,장수군,단순노무,4.0,4.1
전라북도,임실군,계,15.5,15.4
전라북도,임실군,"관리자, 전문가",0.6,0.8
전라북도,임실군,사무종사자,0.9,0.7
전라북도,임실군,서비스·판매,2.4,2.5
전라북도,임실군,농림어업,7.6,6.8
전라북도,임실군,기능·기계조작·조립,1.6,1.5
전라북도,임실군,단순노무,2.5,3.0
전라북도,순창군,계,15.5,16.0
전라북도,순창군,"관리자, 전문가",1.2,0.8
전라북도,순창군,사무종사자,1.4,1.5
전라북도,순창군,서비스·판매,1.9,1.7
전라북도,순창군,농림어업,8.1,9.0
전라북도,순창군,기능·기계조작·조립,1.3,1.3
전라북도,순창군,단순노무,1.6,1.7
전라북도,고창군,계,30.8,31.4
전라북도,고창군,"관리자, 전문가",1.7,1.9
전라북도,고창군,사무종사자,2.5,2.3
전라북도,고창군,서비스·판매,3.6,3.5
전라북도,고창군,농림어업,17.5,17.7
전라북도,고창군,기능·기계조작·조립,2.6,2.8
전라북도,고창군,단순노무,2.9,3.1
전라북도,부안군,계,30.0,29.9
전라북도,부안군,"관리자, 전문가",1.7,1.7
전라북도,부안군,사무종사자,3.0,2.7
전라북도,부안군,서비스·판매,6.2,6.4
전라북도,부안군,농림어업,12.7,11.8
전라북도,부안군,기능·기계조작·조립,2.7,3.0
전라북도,부안군,단순노무,3.7,4.2
전라남도,목포시,계,107.7,111.1
전라남도,목포시,"관리자, 전문가",19.4,19.1
전라남도,목포시,사무종사자,14.2,16.1
전라남도,목포시,서비스·판매,29.9,31.9
전라남도,목포시,농림어업,3.6,4.4
전라남도,목포시,기능·기계조작·조립,24.0,23.6
전라남도,목포시,단순노무,16.6,16.1
전라남도,여수시,계,144.6,147.4
전라남도,여수시,"관리자, 전문가",19.7,20.8
전라남도,여수시,사무종사자,20.2,20.3
전라남도,여수시,서비스·판매,28.1,26.9
전라남도,여수시,농림어업,19.6,20.0
전라남도,여수시,기능·기계조작·조립,36.0,37.7
전라남도,여수시,단순노무,21.1,21.7
전라남도,순천시,계,141.3,144.4
전라남도,순천시,"관리자, 전문가",29.0,32.8
전라남도,순천시,사무종사자,19.7,18.7
전라남도,순천시,서비스·판매,33.1,32.7
전라남도,순천시,농림어업,12.4,14.0
전라남도,순천시,기능·기계조작·조립,30.3,30.4
전라남도,순천시,단순노무,16.7,15.8
전라남도,나주시,계,64.7,64.6
전라남도,나주시,"관리자, 전문가",8.0,8.1
전라남도,나주시,사무종사자,9.3,9.9
전라남도,나주시,서비스·판매,9.8,10.2
전라남도,나주시,농림어업,19.0,18.2
전라남도,나주시,기능·기계조작·조립,10.2,9.0
전라남도,나주시,단순노무,8.4,9.2
전라남도,광양시,계,79.3,81.7
전라남도,광양시,"관리자, 전문가",10.6,10.7
전라남도,광양시,사무종사자,10.6,10.9
전라남도,광양시,서비스·판매,12.8,12.8
전라남도,광양시,농림어업,8.0,8.8
전라남도,광양시,기능·기계조작·조립,26.4,26.8
전라남도,광양시,단순노무,10.9,11.7
전라남도,담양군,계,25.3,25.5
전라남도,담양군,"관리자, 전문가",1.8,2.0
전라남도,담양군,사무종사자,1.8,1.9
전라남도,담양군,서비스·판매,4.4,4.0
전라남도,담양군,농림어업,10.6,10.2
전라남도,담양군,기능·기계조작·조립,3.9,3.4
전라남도,담양군,단순노무,2.8,3.9
전라남도,곡성군,계,16.5,17.1
전라남도,곡성군,"관리자, 전문가",1.0,0.9
전라남도,곡성군,사무종사자,1.3,1.6
전라남도,곡성군,서비스·판매,2.5,2.9
전라남도,곡성군,농림어업,7.9,8.2
전라남도,곡성군,기능·기계조작·조립,1.6,1.5
전라남도,곡성군,단순노무,2.2,2.1
전라남도,구례군,계,14.2,13.9
전라남도,구례군,"관리자, 전문가",1.3,1.3
전라남도,구례군,사무종사자,1.3,1.2
전라남도,구례군,서비스·판매,2.3,2.6
전라남도,구례군,농림어업,5.8,5.6
전라남도,구례군,기능·기계조작·조립,1.4,1.3
전라남도,구례군,단순노무,2.0,1.9
전라남도,고흥군,계,39.6,39.7
전라남도,고흥군,"관리자, 전문가",1.7,2.0
전라남도,고흥군,사무종사자,2.4,2.4
전라남도,고흥군,서비스·판매,6.1,5.9
전라남도,고흥군,농림어업,21.9,22.3
전라남도,고흥군,기능·기계조작·조립,3.9,3.7
전라남도,고흥군,단순노무,3.5,3.5
전라남도,보성군,계,23.1,23.4
전라남도,보성군,"관리자, 전문가",1.2,1.3
전라남도,보성군,사무종사자,1.4,1.5
전라남도,보성군,서비스·판매,3.9,4.1
전라남도,보성군,농림어업,10.5,10.4
전라남도,보성군,기능·기계조작·조립,2.5,2.5
전라남도,보성군,단순노무,3.5,3.6
전라남도,화순군,계,32.6,34.7
전라남도,화순군,"관리자, 전문가",4.1,4.4
전라남도,화순군,사무종사자,3.4,3.6
전라남도,화순군,서비스·판매,5.6,5.8
전라남도,화순군,농림어업,5.7,6.1
전라남도,화순군,기능·기계조작·조립,6.3,6.2
전라남도,화순군,단순노무,7.5,8.6
전라남도,장흥군,계,21.5,21.2
전라남도,장흥군,"관리자, 전문가",1.2,1.2
전라남도,장흥군,사무종사자,2.7,2.9
전라남도,장흥군,서비스·판매,3.4,3.6
전라남도,장흥군,농림어업,9.2,8.2
전라남도,장흥군,기능·기계조작·조립,2.0,2.0
전라남도,장흥군,단순노무,3.0,3.3
전라남도,강진군,계,19.3,19.0
전라남도,강진군,"관리자, 전문가",1.6,1.9
전라남도,강진군,사무종사자,1.8,1.9
전라남도,강진군,서비스·판매,3.3,3.2
전라남도,강진군,농림어업,8.1,7.0
전라남도,강진군,기능·기계조작·조립,2.1,1.9
전라남도,강진군,단순노무,2.5,3.1
전라남도,해남군,계,40.4,40.7
전라남도,해남군,"관리자, 전문가",2.7,2.6
전라남도,해남군,사무종사자,2.3,3.3
전라남도,해남군,서비스·판매,6.4,6.8
전라남도,해남군,농림어업,19.2,19.6
전라남도,해남군,기능·기계조작·조립,3.6,3.2
전라남도,해남군,단순노무,6.3,5.3
전라남도,영암군,계,34.1,35.1
전라남도,영암군,"관리자, 전문가",2.8,1.9
전라남도,영암군,사무종사자,3.1,3.2
전라남도,영암군,서비스·판매,5.2,5.0
전라남도,영암군,농림어업,10.7,11.2
전라남도,영암군,기능·기계조작·조립,8.9,9.2
전라남도,영암군,단순노무,3.6,4.6
전라남도,무안군,계,44.4,48.3
전라남도,무안군,"관리자, 전문가",5.4,6.3
전라남도,무안군,사무종사자,6.8,7.6
전라남도,무안군,서비스·판매,8.2,8.8
전라남도,무안군,농림어업,14.0,14.7
전라남도,무안군,기능·기계조작·조립,6.1,6.8
전라남도,무안군,단순노무,3.9,4.0
전라남도,함평군,계,18.0,18.4
전라남도,함평군,"관리자, 전문가",0.6,0.7
전라남도,함평군,사무종사자,1.4,1.2
전라남도,함평군,서비스·판매,2.6,2.5
전라남도,함평군,농림어업,9.8,10.1
전라남도,함평군,기능·기계조작·조립,1.7,1.5
전라남도,함평군,단순노무,1.9,2.3
전라남도,영광군,계,28.6,28.2
전라남도,영광군,"관리자, 전문가",2.7,2.7
전라남도,영광군,사무종사자,2.3,2.2
전라남도,영광군,서비스·판매,4.7,5.1
전라남도,영광군,농림어업,10.0,9.3
전라남도,영광군,기능·기계조작·조립,5.7,5.9
전라남도,영광군,단순노무,3.1,3.0
전라남도,장성군,계,23.4,22.7
전라남도,장성군,"관리자, 전문가",1.2,1.6
전라남도,장성군,사무종사자,1.8,1.6
전라남도,장성군,서비스·판매,4.4,3.9
전라남도,장성군,농림어업,9.0,8.4
전라남도,장성군,기능·기계조작·조립,3.9,3.8
전라남도,장성군,단순노무,3.2,3.4
전라남도,완도군,계,27.4,27.0
전라남도,완도군,"관리자, 전문가",1.8,1.9
전라남도,완도군,사무종사자,2.6,2.8
전라남도,완도군,서비스·판매,4.1,4.3
전라남도,완도군,농림어업,12.8,12.2
전라남도,완도군,기능·기계조작·조립,2.0,2.0
전라남도,완도군,단순노무,4.1,3.8
전라남도,진도군,계,18.5,18.7
전라남도,진도군,"관리자, 전문가",1.2,1.1
전라남도,진도군,사무종사자,2.0,2.3
전라남도,진도군,서비스·판매,3.2,3.0
전라남도,진도군,농림어업,8.2,8.1
전라남도,진도군,기능·기계조작·조립,1.4,1.4
전라남도,진도군,단순노무,2.6,2.9
전라남도,신안군,계,22.7,22.9
전라남도,신안군,"관리자, 전문가",0.7,0.7
전라남도,신안군,사무종사자,1.7,1.9
전라남도,신안군,서비스·판매,2.4,2.6
전라남도,신안군,농림어업,15.0,14.8
전라남도,신안군,기능·기계조작·조립,2.0,1.9
전라남도,신안군,단순노무,0.9,1.0
경상북도,포항시,계,249.8,258.7
경상북도,포항시,"관리자, 전문가",45.3,46.5
경상북도,포항시,사무종사자,36.6,36.6
경상북도,포항시,서비스·판매,51.2,55.2
경상북도,포항시,농림어업,21.1,21.0
경상북도,포항시,기능·기계조작·조립,66.3,67.7
경상북도,포항시,단순노무,29.2,31.6
경상북도,경주시,계,139.4,140.7
경상북도,경주시,"관리자, 전문가",21.3,21.5
경상북도,경주시,사무종사자,16.9,18.1
경상북도,경주시,서비스·판매,31.3,32.4
경상북도,경주시,농림어업,20.3,19.9
경상북도,경주시,기능·기계조작·조립,34.1,32.3
경상북도,경주시,단순노무,15.4,16.6
경상북도,김천시,계,76.6,80.4
경상북도,김천시,"관리자, 전문가",9.9,9.5
경상북도,김천시,사무종사자,7.3,8.3
경상북도,김천시,서비스·판매,12.5,14.1
경상북도,김천시,농림어업,25.0,24.6
경상북도,김천시,기능·기계조작·조립,14.4,15.4
경상북도,김천시,단순노무,7.6,8.5
경상북도,안동시,계,84.9,83.8
경상북도,안동시,"관리자, 전문가",13.0,13.8
경상북도,안동시,사무종사자,9.7,9.1
경상북도,안동시,서비스·판매,18.9,17.0
경상북도,안동시,농림어업,20.9,21.1
경상북도,안동시,기능·기계조작·조립,11.7,12.6
경상북도,안동시,단순노무,10.7,10.3
경상북도,구미시,계,211.8,220.5
경상북도,구미시,"관리자, 전문가",37.3,38.0
경상북도,구미시,사무종사자,27.6,29.7
경상북도,구미시,서비스·판매,37.6,37.1
경상북도,구미시,농림어업,12.1,12.8
경상북도,구미시,기능·기계조작·조립,72.6,76.2
경상북도,구미시,단순노무,24.5,26.7
경상북도,영주시,계,53.0,53.9
경상북도,영주시,"관리자, 전문가",7.0,7.1
경상북도,영주시,사무종사자,5.8,6.6
경상북도,영주시,서비스·판매,10.4,9.8
경상북도,영주시,농림어업,11.1,12.8
경상북도,영주시,기능·기계조작·조립,11.0,9.8
경상북도,영주시,단순노무,7.7,7.7
경상북도,영천시,계,59.5,59.6
경상북도,영천시,"관리자, 전문가",4.6,5.2
경상북도,영천시,사무종사자,5.4,5.3
경상북도,영천시,서비스·판매,8.5,8.3
경상북도,영천시,농림어업,21.3,22.2
경상북도,영천시,기능·기계조작·조립,13.7,12.5
경상북도,영천시,단순노무,6.1,6.1
경상북도,상주시,계,55.9,56.4
경상북도,상주시,"관리자, 전문가",5.0,4.8
경상북도,상주시,사무종사자,4.5,5.4
경상북도,상주시,서비스·판매,8.4,8.5
경상북도,상주시,농림어업,24.5,23.0
경상북도,상주시,기능·기계조작·조립,7.5,7.9
경상북도,상주시,단순노무,6.1,6.8
경상북도,문경시,계,37.3,37.3
경상북도,문경시,"관리자, 전문가",4.1,4.0
경상북도,문경시,사무종사자,3.9,3.8
경상북도,문경시,서비스·판매,8.4,8.3
경상북도,문경시,농림어업,10.2,10.4
경상북도,문경시,기능·기계조작·조립,5.4,5.2
경상북도,문경시,단순노무,5.2,5.7
경상북도,경산시,계,146.5,150.0
경상북도,경산시,"관리자, 전문가",25.9,25.6
경상북도,경산시,사무종사자,19.4,20.1
경상북도,경산시,서비스·판매,26.7,29.7
경상북도,경산시,농림어업,19.2,19.6
경상북도,경산시,기능·기계조작·조립,35.9,37.1
경상북도,경산시,단순노무,19.5,17.9
경상북도,군위군,계,14.5,14.7
경상북도,군위군,"관리자, 전문가",1.0,1.1
경상북도,군위군,사무종사자,0.8,0.8
경상북도,군위군,서비스·판매,2.1,2.1
경상북도,군위군,농림어업,7.1,6.8
경상북도,군위군,기능·기계조작·조립,1.7,1.8
경상북도,군위군,단순노무,1.9,2.1
경상북도,의성군,계,32.0,32.5
경상북도,의성군,"관리자, 전문가",1.5,1.6
경상북도,의성군,사무종사자,2.1,2.2
경상북도,의성군,서비스·판매,3.8,4.1
경상북도,의성군,농림어업,18.4,18.5
경상북도,의성군,기능·기계조작·조립,2.6,2.5
경상북도,의성군,단순노무,3.5,3.6
경상북도,청송군,계,16.7,17.2
경상북도,청송군,"관리자, 전문가",0.8,1.0
경상북도,청송군,사무종사자,1.3,1.2
경상북도,청송군,서비스·판매,3.2,3.1
경상북도,청송군,농림어업,7.6,7.3
경상북도,청송군,기능·기계조작·조립,1.1,1.1
경상북도,청송군,단순노무,2.8,3.5
경상북도,영양군,계,10.3,10.4
경상북도,영양군,"관리자, 전문가",0.7,0.6
경상북도,영양군,사무종사자,0.9,1.0
경상북도,영양군,서비스·판매,1.5,1.5
경상북도,영양군,농림어업,4.0,4.0
경상북도,영양군,기능·기계조작·조립,0.7,0.8
경상북도,영양군,단순노무,2.4,2.4
경상북도,영덕군,계,19.5,19.3
경상북도,영덕군,"관리자, 전문가",1.0,0.9
경상북도,영덕군,사무종사자,1.5,1.5
경상북도,영덕군,서비스·판매,4.8,4.4
경상북도,영덕군,농림어업,6.8,6.7
경상북도,영덕군,기능·기계조작·조립,2.4,2.5
경상북도,영덕군,단순노무,2.9,3.3
경상북도,청도군,계,26.1,26.7
경상북도,청도군,"관리자, 전문가",1.8,1.4
경상북도,청도군,사무종사자,1.2,1.5
경상북도,청도군,서비스·판매,4.2,4.2
경상북도,청도군,농림어업,13.6,13.9
경상북도,청도군,기능·기계조작·조립,2.9,3.3
경상북도,청도군,단순노무,2.4,2.4
경상북도,고령군,계,18.8,18.8
경상북도,고령군,"관리자, 전문가",1.1,1.0
경상북도,고령군,사무종사자,2.2,2.1
경상북도,고령군,서비스·판매,2.7,2.7
경상북도,고령군,농림어업,6.0,5.9
경상북도,고령군,기능·기계조작·조립,3.8,3.7
경상북도,고령군,단순노무,2.9,3.3
경상북도,성주군,계,25.0,25.1
경상북도,성주군,"관리자, 전문가",0.8,0.8
경상북도,성주군,사무종사자,1.5,1.5
경상북도,성주군,서비스·판매,3.0,2.8
경상북도,성주군,농림어업,14.6,14.7
경상북도,성주군,기능·기계조작·조립,2.8,3.0
경상북도,성주군,단순노무,2.4,2.4
경상북도,칠곡군,계,59.4,61.6
경상북도,칠곡군,"관리자, 전문가",7.9,7.7
경상북도,칠곡군,사무종사자,9.0,9.2
경상북도,칠곡군,서비스·판매,8.5,9.9
경상북도,칠곡군,농림어업,6.4,6.3
경상북도,칠곡군,기능·기계조작·조립,20.2,20.4
경상북도,칠곡군,단순노무,7.2,8.1
경상북도,예천군,계,32.1,33.3
경상북도,예천군,"관리자, 전문가",2.7,2.7
경상북도,예천군,사무종사자,1.6,2.2
경상북도,예천군,서비스·판매,4.1,4.4
경상북도,예천군,농림어업,15.4,16.0
경상북도,예천군,기능·기계조작·조립,4.3,4.0
경상북도,예천군,단순노무,3.9,3.9
경상북도,봉화군,계,19.4,19.4
경상북도,봉화군,"관리자, 전문가",1.2,1.2
경상북도,봉화군,사무종사자,1.5,1.4
경상북도,봉화군,서비스·판매,3.1,3.1
경상북도,봉화군,농림어업,9.5,9.3
경상북도,봉화군,기능·기계조작·조립,1.6,1.6
경상북도,봉화군,단순노무,2.6,2.8
경상북도,울진군,계,25.8,25.1
경상북도,울진군,"관리자, 전문가",3.9,3.3
경상북도,울진군,사무종사자,2.8,3.2
경상북도,울진군,서비스·판매,5.9,5.4
경상북도,울진군,농림어업,4.9,4.9
경상북도,울진군,기능·기계조작·조립,3.7,4.2
경상북도,울진군,단순노무,4.5,4.1
경상북도,울릉군,계,5.6,5.9
경상북도,울릉군,"관리자, 전문가",0.5,0.4
경상북도,울릉군,사무종사자,0.9,0.9
경상북도,울릉군,서비스·판매,1.5,1.6
경상북도,울릉군,농림어업,0.9,0.9
경상북도,울릉군,기능·기계조작·조립,0.6,0.6
경상북도,울릉군,단순노무,1.3,1.3
경상남도,진주시,계,175.7,179.4
경상남도,진주시,"관리자, 전문가",43.2,45.3
경상남도,진주시,사무종사자,26.8,27.6
경상남도,진주시,서비스·판매,41.2,40.9
경상남도,진주시,농림어업,20.4,19.1
경상남도,진주시,기능·기계조작·조립,25.6,26.6
경상남도,진주시,단순노무,18.5,19.9
경상남도,통영시,계,60.1,61.3
경상남도,통영시,"관리자, 전문가",9.0,9.0
경상남도,통영시,사무종사자,6.1,5.7
경상남도,통영시,서비스·판매,15.2,16.7
경상남도,통영시,농림어업,5.8,6.1
경상남도,통영시,기능·기계조작·조립,15.0,14.4
경상남도,통영시,단순노무,9.0,9.4
경상남도,사천시,계,58.4,59.9
경상남도,사천시,"관리자, 전문가",8.0,7.8
경상남도,사천시,사무종사자,6.5,6.2
경상남도,사천시,서비스·판매,10.3,10.7
경상남도,사천시,농림어업,12.6,13.2
경상남도,사천시,기능·기계조작·조립,13.3,14.5
경상남도,사천시,단순노무,7.6,7.4
경상남도,김해시,계,277.8,281.9
경상남도,김해시,"관리자, 전문가",48.2,45.2
경상남도,김해시,사무종사자,45.6,47.3
경상남도,김해시,서비스·판매,66.8,66.4
경상남도,김해시,농림어업,8.5,7.1
경상남도,김해시,기능·기계조작·조립,77.4,80.3
경상남도,김해시,단순노무,31.3,35.6
경상남도,밀양시,계,54.6,56.6
경상남도,밀양시,"관리자, 전문가",5.6,5.3
경상남도,밀양시,사무종사자,6.2,7.7
경상남도,밀양시,서비스·판매,10.6,10.7
경상남도,밀양시,농림어업,16.1,16.3
경상남도,밀양시,기능·기계조작·조립,8.8,10.3
경상남도,밀양시,단순노무,7.3,6.3
경상남도,거제시,계,116.4,118.0
경상남도,거제시,"관리자, 전문가",18.4,20.2
경상남도,거제시,사무종사자,15.4,13.8
경상남도,거제시,서비스·판매,19.2,21.1
경상남도,거제시,농림어업,6.5,7.4
경상남도,거제시,기능·기계조작·조립,43.7,41.4
경상남도,거제시,단순노무,13.3,14.1
경상남도,양산시,계,171.0,176.8
경상남도,양산시,"관리자, 전문가",26.1,29.2
경상남도,양산시,사무종사자,26.4,29.0
경상남도,양산시,서비스·판매,34.9,36.8
경상남도,양산시,농림어업,5.1,5.0
경상남도,양산시,기능·기계조작·조립,52.9,51.9
경상남도,양산시,단순노무,25.6,25.0
경상남도,창원시,계,521.6,518.3
경상남도,창원시,"관리자, 전문가",97.1,99.7
경상남도,창원시,사무종사자,88.2,87.9
경상남도,창원시,서비스·판매,110.2,109.1
경상남도,창원시,농림어업,10.4,9.3
경상남도,창원시,기능·기계조작·조립,144.3,145.1
경상남도,창원시,단순노무,71.4,67.3
경상남도,의령군,계,16.1,16.0
경상남도,의령군,"관리자, 전문가",1.1,1.1
경상남도,의령군,사무종사자,1.2,1.5
경상남도,의령군,서비스·판매,1.9,2.2
경상남도,의령군,농림어업,7.1,6.5
경상남도,의령군,기능·기계조작·조립,2.6,2.1
경상남도,의령군,단순노무,2.1,2.4
경상남도,함안군,계,35.0,35.0
경상남도,함안군,"관리자, 전문가",3.5,3.8
경상남도,함안군,사무종사자,4.2,4.5
경상남도,함안군,서비스·판매,6.3,6.2
경상남도,함안군,농림어업,8.3,8.5
경상남도,함안군,기능·기계조작·조립,8.7,8.1
경상남도,함안군,단순노무,3.9,3.9
경상남도,창녕군,계,35.7,36.5
경상남도,창녕군,"관리자, 전문가",2.6,2.5
경상남도,창녕군,사무종사자,3.6,3.2
경상남도,창녕군,서비스·판매,5.4,6.0
경상남도,창녕군,농림어업,13.5,13.6
경상남도,창녕군,기능·기계조작·조립,6.0,6.0
경상남도,창녕군,단순노무,4.6,5.2
경상남도,고성군,계,29.4,28.8
경상남도,고성군,"관리자, 전문가",2.8,2.3
경상남도,고성군,사무종사자,2.9,3.0
경상남도,고성군,서비스·판매,5.5,5.4
경상남도,고성군,농림어업,9.9,9.1
경상남도,고성군,기능·기계조작·조립,4.4,5.1
경상남도,고성군,단순노무,3.9,3.9
경상남도,남해군,계,25.1,25.5
경상남도,남해군,"관리자, 전문가",1.6,1.7
경상남도,남해군,사무종사자,1.7,1.8
경상남도,남해군,서비스·판매,4.7,4.8
경상남도,남해군,농림어업,12.1,12.5
경상남도,남해군,기능·기계조작·조립,2.3,2.0
경상남도,남해군,단순노무,2.7,2.8
경상남도,하동군,계,25.3,25.4
경상남도,하동군,"관리자, 전문가",1.9,1.6
경상남도,하동군,사무종사자,2.1,1.8
경상남도,하동군,서비스·판매,4.1,4.2
경상남도,하동군,농림어업,11.9,12.7
경상남도,하동군,기능·기계조작·조립,2.6,2.6
경상남도,하동군,단순노무,2.7,2.5
경상남도,산청군,계,22.0,22.3
경상남도,산청군,"관리자, 전문가",1.5,1.2
경상남도,산청군,사무종사자,1.3,1.4
경상남도,산청군,서비스·판매,3.4,3.6
경상남도,산청군,농림어업,10.8,11.5
경상남도,산청군,기능·기계조작·조립,2.3,1.9
경상남도,산청군,단순노무,2.7,2.7
경상남도,함양군,계,22.8,23.0
경상남도,함양군,"관리자, 전문가",1.9,1.7
경상남도,함양군,사무종사자,2.0,2.1
경상남도,함양군,서비스·판매,4.2,4.3
경상남도,함양군,농림어업,8.4,9.1
경상남도,함양군,기능·기계조작·조립,2.6,2.5
경상남도,함양군,단순노무,3.7,3.3
경상남도,거창군,계,34.9,34.7
경상남도,거창군,"관리자, 전문가",3.6,3.4
경상남도,거창군,사무종사자,3.6,4.4
경상남도,거창군,서비스·판매,6.2,6.0
경상남도,거창군,농림어업,12.2,11.3
경상남도,거창군,기능·기계조작·조립,3.9,4.6
경상남도,거창군,단순노무,5.4,5.1
경상남도,합천군,계,24.7,24.4
경상남도,합천군,"관리자, 전문가",1.5,1.4
경상남도,합천군,사무종사자,1.9,1.8
경상남도,합천군,서비스·판매,4.0,4.3
경상남도,합천군,농림어업,10.8,9.9
경상남도,합천군,기능·기계조작·조립,2.9,3.0
경상남도,합천군,단순노무,3.5,4.0
제주특별자치도,제주시,계,272.3,275.1
제주특별자치도,제주시,"관리자, 전문가",56.5,57.3
제주특별자치도,제주시,사무종사자,44.1,43.6
제주특별자치도,제주시,서비스·판매,68.7,71.6
제주특별자치도,제주시,농림어업,23.6,24.5
제주특별자치도,제주시,기능·기계조작·조립,39.6,41.4
제주특별자치도,제주시,단순노무,39.8,36.7
제주특별자치도,서귀포시,계,108.0,109.7
제주특별자치도,서귀포시,"관리자, 전문가",12.4,12.7
제주특별자치도,서귀포시,사무종사자,12.1,12.4
제주특별자치도,서귀포시,서비스·판매,25.6,25.0
제주특별자치도,서귀포시,농림어업,30.6,32.2
제주특별자치도,서귀포시,기능·기계조작·조립,10.7,12.3
제주특별자치도,서귀포시,단순노무,16.5,15.2
전국,전체,계,27213.6,28078.3
전국,전체,"관리자, 전문가",5916.099999999999,6277.6
전국,전체,사무종사자,4749.5,4849.2
전국,전체,서비스·판매,5838.799999999999,5848.6
전국,전체,농림어업,1423.2,1485.4
전국,전체,기능·기계조작·조립,5316.3,5506.6
전국,전체,단순노무,3969.8,4111.1
서울특별시,전체,계,5057.3,5119.7
서울특별시,전체,"관리자, 전문가",1570.8,1647.8
서울특별시,전체,사무종사자,1107.9,1116.4
서울특별시,전체,서비스·판매,1118.5,1090.5
서울특별시,전체,농림어업,8.0,10.6
서울특별시,전체,기능·기계조작·조립,645.3,646.3
서울특별시,전체,단순노무,606.8,608.1
부산광역시,전체,계,1657.5,1663.6
부산광역시,전체,"관리자, 전문가",290.4,310.59999999999997
부산광역시,전체,사무종사자,326.8,285.0
부산광역시,전체,서비스·판매,443.9,422.6
부산광역시,전체,농림어업,7.1,19.1
부산광역시,전체,기능·기계조작·조립,343.4,363.4
부산광역시,전체,단순노무,245.9,262.7
대구광역시,전체,계,1216.8,1225.6
대구광역시,전체,"관리자, 전문가",270.1,276.4
대구광역시,전체,사무종사자,207.7,205.3
대구광역시,전체,서비스·판매,268.4,296.70000000000005
대구광역시,전체,농림어업,17.1,10.1
대구광역시,전체,기능·기계조작·조립,279.6,267.6
대구광역시,전체,단순노무,173.9,169.4
인천광역시,전체,계,1561.7,1589.8
인천광역시,전체,"관리자, 전문가",284.2,292.8
인천광역시,전체,사무종사자,271.9,291.3
인천광역시,전체,서비스·판매,348.2,318.7
인천광역시,전체,농림어업,12.8,0.8
인천광역시,전체,기능·기계조작·조립,401.9,412.5
인천광역시,전체,단순노무,242.7,273.6
광주광역시,전체,계,750.6,744.4
광주광역시,전체,"관리자, 전문가",166.5,153.4
광주광역시,전체,사무종사자,127.4,125.9
광주광역시,전체,서비스·판매,176.10000000000002,183.39999999999998
광주광역시,전체,농림어업,13.6,14.2
광주광역시,전체,기능·기계조작·조립,155.89999999999998,158.2
광주광역시,전체,단순노무,111.2,109.4
대전광역시,전체,계,775.2,786.6
대전광역시,전체,"관리자, 전문가",199.3,232.60000000000002
대전광역시,전체,사무종사자,130.1,137.7
대전광역시,전체,서비스·판매,175.89999999999998,175.5
대전광역시,전체,농림어업,7.8,8.3
대전광역시,전체,기능·기계조작·조립,145.7,130.0
대전광역시,전체,단순노무,116.4,102.6
울산광역시,전체,계,553.0,561.3
울산광역시,전체,"관리자, 전문가",111.5,118.5
울산광역시,전체,사무종사자,82.5,84.9
울산광역시,전체,서비스·판매,108.5,97.8
울산광역시,전체,농림어업,6.1,5.0
울산광역시,전체,기능·기계조작·조립,169.9,174.89999999999998
울산광역시,전체,단순노무,74.4,80.2
세종특별자치시,전체,계,186.8,195.6
세종특별자치시,전체,"관리자, 전문가",59.5,65.2
세종특별자치시,전체,사무종사자,49.7,49.2
세종특별자치시,전체,서비스·판매,30.299999999999997,31.8
세종특별자치시,전체,농림어업,10.6,8.9
세종특별자치시,전체,기능·기계조작·조립,23.1,23.4
세종특별자치시,전체,단순노무,13.6,17.1
경기도,전체,계,7061.6,7600.9
경기도,전체,"관리자, 전문가",1687.1999999999998,1871.3
경기도,전체,사무종사자,1335.1,1389.5
경기도,전체,서비스·판매,1465.5,1467.4
경기도,전체,농림어업,110.6,118.8
경기도,전체,기능·기계조작·조립,1380.8000000000002,1568.5
경기도,전체,단순노무,1082.5,1185.4
강원도,전체,계,817.9,826.2
강원도,전체,"관리자, 전문가",119.8,121.60000000000001
강원도,전체,사무종사자,123.9,136.5
강원도,전체,서비스·판매,203.8,206.89999999999998
강원도,전체,농림어업,67.2,76.7
강원도,전체,기능·기계조작·조립,137.8,128.39999999999998
강원도,전체,단순노무,165.5,156.1
충청북도,전체,계,896.8,928.2
충청북도,전체,"관리자, 전문가",139.2,144.0
충청북도,전체,사무종사자,135.5,131.6
충청북도,전체,서비스·판매,179.3,188.5
충청북도,전체,농림어업,94.5,100.8
충청북도,전체,기능·기계조작·조립,215.89999999999998,235.70000000000002
충청북도,전체,단순노무,132.2,127.7
충청남도,전체,계,1203.0,1220.7
충청남도,전체,"관리자, 전문가",188.6,188.70000000000002
충청남도,전체,사무종사자,163.0,184.7
충청남도,전체,서비스·판매,229.0,218.5
충청남도,전체,농림어업,177.8,186.9
충청남도,전체,기능·기계조작·조립,264.5,251.8
충청남도,전체,단순노무,180.1,190.2
전라북도,전체,계,948.1,975.9
전라북도,전체,"관리자, 전문가",156.89999999999998,156.79999999999998
전라북도,전체,사무종사자,124.2,129.2
전라북도,전체,서비스·판매,167.5,200.39999999999998
전라북도,전체,농림어업,169.8,167.5
전라북도,전체,기능·기계조작·조립,187.3,177.1
전라북도,전체,단순노무,142.4,144.8
전라남도,전체,계,981.6,1013.1
전라남도,전체,"관리자, 전문가",122.5,136.4
전라남도,전체,사무종사자,115.5,120.0
전라남도,전체,서비스·판매,206.89999999999998,205.3
전라남도,전체,농림어업,210.9,223.1
전라남도,전체,기능·기계조작·조립,184.6,170.0
전라남도,전체,단순노무,141.2,158.3
경상북도,전체,계,1408.0,1471.0
경상북도,전체,"관리자, 전문가",206.4,203.79999999999998
경상북도,전체,사무종사자,172.4,180.0
경상북도,전체,서비스·판매,234.4,269.9
경상북도,전체,농림어업,268.2,265.5
경상북도,전체,기능·기계조작·조립,327.8,334.20000000000005
경상북도,전체,단순노무,198.8,217.8
경상남도,전체,계,1748.3,1762.8
경상남도,전체,"관리자, 전문가",277.1,288.9
경상남도,전체,사무종사자,219.5,221.7
경상남도,전체,서비스·판매,384.4,377.3
경상남도,전체,농림어업,183.6,210.0
경상남도,전체,기능·기계조작·조립,401.9,411.6
경상남도,전체,단순노무,281.8,253.2
제주특별자치도,전체,계,389.4,392.9
제주특별자치도,전체,"관리자, 전문가",66.1,68.7
제주특별자치도,전체,사무종사자,56.4,60.3
제주특별자치도,전체,서비스·판매,98.0,97.5
제주특별자치도,전체,농림어업,57.5,59.1
제주특별자치도,전체,기능·기계조작·조립,50.9,52.900000000000006
제주특별자치도,전체,단순노무,60.4,54.4
